from,to,label1
1,2,bts
0,4,dia
2,6,namor
0,0,feir
1,0,surt
23,23,com
18,18,conhec
5,5,cheir
1,2,cruzeir
0,5,horrivel
0,2,cris
0,5,quebr
7,7,louc
0,6,vizinh
10,11,jog
12,12,bat
0,1,cachorrinh
3,3,amass
2,1,sab
4,4,bar
14,14,nasc
0,6,tatu
4,4,nev
14,14,quebr
0,13,ia
5,5,fal
0,6,morr
7,7,amor
7,7,saudad
0,1,ter
19,19,jog
9,9,lev
0,2,dia
2,2,granda
22,37,cas
1,1,perd
0,21,cabel
0,12,mensag
0,2,caf
0,3,bas
12,11,cas
1,1,vend
2,2,entrad
1,1,katy
0,1,mot
0,0,ter
1,5,tatuag
7,7,acontec
0,9,cas
7,2,dia
4,4,univers
9,9,dent
2,2,caramb
0,2,onlyfans
12,0,pint
0,18,quer
6,4,cham
0,2,termin
1,3,rainh
2,7,viaj
0,14,dent
5,5,pai
1,5,vir
19,19,gent
0,0,cont
7,7,celul
7,7,piercing
5,5,viaj
0,1,calv
0,1,parqu
0,5,dent
1,4,direction
1,6,dent
3,3,feit
0,1,dougi
0,4,empreg
2,2,elit
3,3,peg
0,1,ex
1,2,kindl
5,3,convers
0,0,menstru
1,1,achav
3,3,iphon
1,2,heter
19,19,quebr
0,4,camara
7,7,quebr
11,11,lev
0,0,europ
0,2,piercing
1,3,farof
3,1,sup
0,13,rol
13,3,cham
0,6,mot
0,2,soc
0,6,ex
11,11,receb
4,1,fum
0,3,flameng
8,0,gost
4,4,declar
1,1,boc
0,8,beij
1,5,alegr
4,2,bot
1,2,barbi
4,4,buqu
0,6,ped
0,2,cham
0,1,misericord
1,3,unha
8,8,cheg
6,9,quer
0,0,ex
0,0,pattinson
5,10,chor
0,12,gatinh
3,3,hom
0,1,casal
0,0,agui
0,3,onca
14,14,amig
3,3,brac
3,19,fal
0,3,saudad
20,20,gent
0,0,ruim
3,8,dirig
4,4,assalt
13,15,ganh
21,21,quer
6,6,cham
44,44,tir
2,2,avo
7,3,aranh
1,3,peg
16,16,jog
6,6,agu
1,9,quer
3,3,mat
4,4,l7
4,3,box
4,39,cas
0,1,madrid
0,0,boc
0,1,cred
2,3,coba
1,2,elon
16,16,bat
0,0,ganh
8,8,lind
2,2,acontec
2,15,amig
1,1,corinthians
0,3,demit
5,2,gost
4,4,ex
0,18,beij
0,0,saudad
0,1,hamilton
2,2,guerr
6,2,gol
1,1,entre
0,4,boa
0,1,ocul
0,20,gent
0,4,trabalh
7,7,atac
0,0,coba
1,2,shelby
13,13,namor
0,7,comig
0,6,eleico
3,3,assalt
7,7,dent
0,0,beij
0,12,lanc
2,0,cach
2,2,cheg
0,3,alianc
0,1,banh
1,5,ia
2,2,loucur
2,2,orelh
0,3,pedr
0,12,lut
2,2,camil
2,2,chap
0,1,apaixon
0,0,cobr
0,0,deolan
0,0,aranh
3,8,cai
0,0,procur
0,2,mess
0,17,pai
0,13,cabel
0,2,azul
0,8,cas
0,4,roup
3,3,pai
1,3,normal
1,1,ia
6,6,conhec
2,17,namor
1,7,dorm
0,4,prov
0,4,botafog
3,3,carec
2,2,dinheir
11,11,show
9,15,cri
0,0,fiz
0,0,encontr
4,4,fal
0,11,ia
6,23,tir
6,4,faz
5,3,gol
1,1,vap
1,2,nick
0,4,pesso
0,0,flameng
0,2,hor
2,2,mess
0,12,casament
0,2,del
4,11,nev
1,1,irma
2,2,algu
4,2,diab
0,2,gomez
2,4,faz
3,3,perd
0,3,panic
4,6,abrac
2,2,golden
0,2,hamst
11,11,ped
2,2,cort
13,3,quer
3,3,tatu
9,9,rol
1,1,invad
5,5,particip
0,3,chov
0,13,trabalh
13,13,cham
1,1,trans
13,6,abrac
3,2,pres
1,1,faz
0,4,sush
1,1,caid
28,28,cas
6,6,libert
5,6,par
6,6,dirig
1,9,ganh
1,1,guerr
0,2,univers
3,1,socorr
0,4,amig
6,6,adot
0,0,mai
4,4,liv
2,2,xam
0,0,tir
3,3,viola
0,2,hogwarts
9,9,atac
0,0,desesper
12,16,tir
3,3,viaj
10,10,film
6,6,projet
0,6,viola
0,2,boa
8,6,cant
0,2,tiktok
0,0,burg
2,1,in
6,2,bar
3,11,cabel
1,1,rainh
1,1,jackson
0,1,grec
7,7,pass
0,0,projet
0,2,jackson
2,2,fur
6,6,filh
7,6,rol
2,3,liv
2,2,irma
2,3,pra
1,1,cai
14,14,troc
8,8,ganh
2,2,sonh
0,4,traumatiz
22,16,tir
1,1,pesso
1,6,fic
1,2,mosc
5,5,desped
1,4,cuid
0,0,cabel
8,8,particip
2,2,vap
0,9,seri
7,7,beb
1,13,trabalh
9,4,grit
0,0,boa
1,11,brac
5,5,chat
2,2,academ
0,5,roup
2,1,menstru
14,14,tir
0,24,cabel
2,2,corp
2,2,along
5,5,chap
0,4,enquadr
5,5,aranh
2,8,gent
0,1,assust
9,9,amass
1,4,rainh
0,0,acab
17,17,tir
5,26,cabel
4,9,quebr
7,7,tir
18,18,morr
0,3,enem
9,9,fic
3,3,afog
4,2,jj
0,6,silicon
5,5,comec
1,5,vizinh
0,9,cobr
0,1,orelh
0,3,camara
0,2,tatuag
0,5,fez
0,3,mot
0,34,cabel
11,11,dorm
7,7,algu
1,1,camil
10,10,amig
3,3,cred
1,1,hor
8,8,vid
3,11,pint
57,57,tir
0,8,horrivel
0,7,gatinh
1,3,chor
1,8,roup
3,3,lanc
11,11,carta
12,15,cabel
0,2,roup
4,4,anitt
1,0,cont
2,2,bas
5,5,livr
1,4,cant
0,3,ido
2,2,assum
0,0,viola
0,0,tatuag
1,2,dent
0,2,piolh
0,1,apocalips
1,1,feit
0,0,juliett
6,4,sonh
0,2,pra
1,1,liv
2,2,eleico
17,17,quebr
0,6,dent
3,3,dav
2,11,toc
0,0,vi
0,27,cas
0,2,gost
1,5,azul
12,11,volt
1,4,xing
16,16,conhec
5,5,carr
2,2,caid
5,4,ganh
0,3,hamst
1,5,lul
8,8,algu
9,9,cont
2,2,rol
7,7,atras
2,4,amig
0,3,mbapp
5,2,corinthians
9,6,pass
0,0,mcdonald
5,5,traumatiz
1,2,mcdonald
4,4,onca
17,17,brac
0,10,fal
3,3,estrag
6,1,assum
4,4,carr
1,3,com
0,8,celul
0,1,papa
7,7,encontr
9,3,abrac
1,25,jog
1,10,conhec
0,20,pai
10,10,peg
0,1,portugal
3,3,trans
0,1,brasil
2,2,constru
1,14,jog
3,8,conhec
0,10,loucur
3,3,vez
0,4,pastel
15,15,amig
8,8,odi
2,6,cai
1,2,dar
3,3,entrad
4,4,sup
8,8,sonh
0,0,loucur
13,7,tir
6,4,noiv
6,7,arrum
0,3,amo
0,3,cobr
1,1,ocul
1,1,alis
8,8,morr
1,15,dav
1,8,conhec
9,9,par
8,10,atac
0,3,trisal
1,15,pint
0,7,aranh
2,18,mat
1,2,pint
4,4,mud
0,1,pabll
1,10,bot
2,3,ruiv
1,1,banguel
7,7,perd
0,4,fiz
5,5,atac
0,11,boc
10,15,beb
0,4,brac
19,4,jog
1,4,carr
1,2,gom
16,16,grav
2,2,barrig
0,0,entre
0,2,narut
2,4,volt
5,5,ex
0,3,vir
1,2,portugal
4,2,cheg
0,11,receb
3,5,gat
0,1,direction
4,6,com
0,0,fer
3,3,par
9,9,aniversari
3,2,troc
0,10,pod
7,7,volt
3,3,surt
1,2,cris
0,4,album
9,3,fic
6,16,quer
0,0,nick
1,1,cham
11,11,livr
0,9,gol
0,23,trabalh
5,1,libert
1,2,pra
1,2,vi
1,1,nev
1,3,bac
14,14,adot
6,6,dorm
13,11,tir
5,5,nasc
12,12,mat
2,2,anitt
1,2,lanc
0,3,golden
5,6,aranh
1,2,voav
0,3,ex
2,2,chor
12,12,receb
7,7,conhec
0,1,lembr
2,2,rainh
5,5,pra
1,1,gat
2,2,perd
2,3,amig
6,6,engravid
11,0,ped
7,7,brinc
6,16,tir
0,29,cas
9,3,convers
0,8,ia
0,8,vest
1,1,post
6,6,carta
0,5,mot
9,9,brinc
0,0,gom
5,5,acab
0,3,vend
2,2,desbloqu
0,12,com
4,4,professor
0,3,comig
6,6,dia
1,1,boa
2,4,guitarr
0,2,terror
1,1,fez
2,2,socorr
0,4,nov
20,20,pai
1,1,xix
0,1,batman
1,1,connor
0,11,dia
2,0,acab
2,2,bat
0,3,invad
0,9,dirig
4,1,fest
0,0,professor
0,8,explod
7,7,surt
4,4,dirig
0,3,present
0,4,brasil
0,3,vist
3,3,trabalh
0,2,dougi
4,15,namor
8,8,post
5,11,coloc
0,1,lariss
0,3,real
0,1,jao
2,2,bbb
1,1,dorm
3,3,prov
3,3,process
0,2,beb
1,3,prim
0,3,corinthians
0,3,turn
2,9,cort
0,3,odi
7,7,pesso
5,0,post
13,0,tir
5,5,pes
0,3,receb
7,3,sup
4,6,menininh
1,1,maldiv
1,1,instagr
1,3,avia
3,3,depressa
5,12,pass
5,5,feit
6,6,bat
10,10,vir
4,4,post
0,16,pai
0,0,trisal
0,1,box
2,2,seri
8,8,filh
5,5,seri
0,2,mensag
0,1,ital
13,14,trabalh
0,5,ia
0,8,rol
0,0,cach
1,1,mend
1,2,fri
2,7,trabalh
3,1,engravid
0,5,tim
8,3,sonh
0,3,cham
0,0,estimaca
1,15,bat
1,1,heter
12,12,fum
0,2,ocul
6,6,cri
14,14,volt
3,3,chat
7,7,soc
0,1,piolh
0,5,corinthians
4,4,barb
5,5,barb
26,26,com
0,5,chov
12,12,adot
10,10,noiv
11,5,cobr
1,13,lanc
1,1,selfi
0,0,sup
2,2,comec
6,7,coloc
0,2,flameng
0,0,pint
0,2,barrig
2,2,pesso
6,4,lev
2,2,desped
4,4,filh
0,0,brinc
3,4,cachorr
0,10,cabel
2,4,filh
1,11,jog
0,39,cabel
9,9,sonh
3,3,traumatiz
0,0,massacr
1,6,amig
0,2,ido
0,24,grav
1,2,dand
2,9,gatinh
3,3,drog
0,12,prov
0,9,bot
0,21,mat
3,3,quebr
1,1,lou
0,1,moga
0,2,corinthians
6,6,pod
0,8,silicon
22,22,beij
0,6,min
0,2,aniversari
0,40,cabel
4,4,receb
1,1,piolh
1,16,lev
2,2,brinc
1,14,grav
0,0,chor
0,7,roub
3,3,vid
4,4,jk
1,1,jimin
0,2,estimaca
3,3,aparelh
0,1,bas
0,4,cant
0,1,henriqu
1,1,fic
8,8,segu
4,4,terror
8,8,feit
9,9,brac
0,2,luis
1,1,buqu
2,2,grit
4,4,beb
5,0,vid
1,10,livr
1,1,saiu
0,2,fern
0,10,dent
2,2,cant
0,0,jesus
1,2,jj
0,1,gil
14,14,bat
0,0,volt
7,7,fur
16,16,quebr
1,5,sortei
5,5,surt
6,4,tatuag
0,0,filh
1,2,nov
0,3,faz
0,0,receb
0,5,tatuag
4,4,botafog
0,2,jorg
5,17,volt
0,8,conhec
0,3,papa
0,0,banguel
0,1,carec
38,38,cas
3,6,peg
7,7,explod
11,11,namor
0,5,mae
4,4,atras
4,4,lou
0,7,program
1,1,drog
0,0,eleico
1,1,sortei
22,22,conhec
0,2,pastel
0,3,fur
0,0,henriqu
0,0,banh
1,4,orelh
2,2,beb
0,1,net
17,4,conhec
0,1,trist
3,4,mensag
10,10,rol
0,7,buqu
2,2,lul
3,5,botafog
2,1,grav
3,3,toc
8,4,perd
13,13,tom
0,3,espanh
2,6,tatu
0,13,chor
10,3,peg
2,14,trabalh
0,9,ex
10,10,brig
0,0,rihann
8,30,cabel
0,1,sortei
1,0,comec
5,4,cuid
16,16,mat
3,3,deolan
1,11,ganh
1,1,nov
9,17,grit
3,14,grav
15,15,cri
2,5,encontr
1,3,vir
1,1,vez
5,5,morr
1,10,particip
0,5,ter
2,2,filh
10,15,coloc
0,7,paul
4,4,faz
0,19,quer
0,2,pesso
1,1,academ
0,3,irma
0,13,beij
7,7,cabel
0,8,the
0,13,coloc
7,7,termin
6,6,beb
8,8,com
5,5,afog
1,2,amant
3,3,amament
5,5,album
18,18,amig
0,2,sal
0,2,boc
2,2,amo
0,19,cant
1,3,barbi
5,5,cri
2,2,nen
3,2,katy
10,13,conhec
0,4,gol
5,1,tir
11,6,cant
0,3,vest
0,1,grav
1,2,del
1,2,mbapp
1,1,celul
3,3,libert
0,6,onca
15,9,morr
33,7,tir
0,1,fum
0,2,net
0,0,ocul
0,1,avia
0,3,brac
1,1,ruiv
0,3,mil
7,12,surt
11,27,beij
9,9,particip
0,3,jackson
0,3,barb
8,8,ped
0,7,flameng
1,1,brinc
4,4,chap
11,11,trabalh
1,2,barriguinh
0,4,bols
3,8,pass
5,5,l7
11,11,volt
0,4,aparelh
1,3,fic
3,3,neym
0,13,fum
1,1,toc
2,2,botafog
4,4,gol
3,12,tent
0,2,trist
2,2,vend
4,4,chat
2,2,pass
0,15,ganh
0,16,amig
0,1,soc
1,1,lev
0,0,limp
8,14,mensag
6,6,menstru
0,6,rea
0,3,nasc
1,4,fofinh
34,29,tir
1,1,dad
2,8,beij
8,8,bal
15,15,volt
0,2,mbapp
0,2,trisal
2,4,ruiv
15,5,quebr
1,1,horror
5,5,cant
3,11,viv
4,19,quebr
5,5,prim
1,1,tom
13,13,troc
5,5,beij
2,12,tra
1,3,dorm
1,1,roub
0,8,ganh
2,2,particip
0,2,faculdad
5,3,cai
0,12,namor
9,5,troc
0,4,tel
1,1,casament
6,6,bol
4,4,enquadr
0,4,onca
0,0,lariss
6,6,gol
10,3,com
3,3,sent
1,1,univers
11,11,pai
3,3,dent
0,1,program
5,14,abrac
1,4,mud
0,1,mat
2,2,sorvet
1,1,cham
0,2,fon
3,3,hogwarts
2,2,conhec
5,0,lou
1,15,adot
0,1,flor
0,0,bac
0,1,futebol
4,4,prim
10,3,gatinh
0,15,brac
3,3,academ
1,1,iphon
10,10,dent
0,1,cai
0,14,boc
16,16,namor
2,3,bail
0,0,dinheir
5,3,fiz
1,1,gent
0,4,vist
12,12,coloc
1,7,roup
0,6,chap
0,0,lip
2,5,atropel
0,0,roup
4,4,academ
13,13,amig
0,3,estimaca
0,3,cach
7,7,flameng
7,9,tra
10,10,grav
2,2,beij
0,0,xing
5,1,turn
0,1,skat
0,7,trabalh
0,0,vest
9,9,gost
13,13,quer
3,3,box
12,12,vir
7,7,onca
5,5,beb
0,1,espanh
0,1,cham
2,2,par
0,0,menin
0,0,tax
25,7,tir
0,15,cabel
19,19,fal
13,13,cas
0,2,covid
1,1,tir
5,5,gost
3,7,ex
49,49,tir
1,1,cachorrinh
4,4,mbapp
2,2,atropel
7,7,hack
5,5,brig
8,8,cont
6,6,com
0,1,piercing
9,9,pes
0,1,silicon
0,0,katy
2,2,pod
0,10,comig
4,4,celul
1,1,net
0,2,adot
4,6,peg
4,4,futebol
5,9,tir
0,0,churrasc
1,3,abrac
0,16,adot
0,2,fer
1,5,menin
0,5,pist
0,8,fest
6,9,ex
9,6,tent
5,7,gatinh
2,3,hor
2,3,convers
0,6,nov
5,5,roup
16,16,trabalh
0,4,eleico
0,0,jackson
0,23,quer
15,15,coloc
8,4,viv
51,51,tir
7,6,ped
0,2,olhand
1,4,rihann
7,7,assum
4,4,posit
2,2,show
5,5,filh
4,3,pod
0,4,piercing
6,6,roup
4,4,lul
3,4,cham
2,2,prim
10,10,ia
0,0,afog
0,3,sal
3,1,pist
12,12,pass
0,1,cabelinh
2,3,golden
0,2,demit
5,5,tra
2,2,tra
10,10,grit
4,4,afog
1,9,namor
6,3,album
10,9,brig
0,6,algu
5,4,fiz
7,5,surt
0,3,elon
2,2,resolv
9,16,conhec
1,1,menin
4,4,amig
0,2,lav
1,3,carec
0,0,disney
10,10,tir
7,7,cai
4,61,tir
0,1,mcfly
2,29,namor
1,3,ric
17,17,grav
14,4,ganh
0,6,sent
0,1,barriguinh
7,2,rol
2,3,namor
0,1,fez
1,1,volt
0,3,maconh
0,8,andand
10,10,namor
13,13,dia
1,4,seri
4,4,tel
3,1,xix
5,5,vest
0,0,alegr
0,0,acord
1,2,grec
5,5,orelh
0,0,camil
3,3,volt
1,1,loucur
1,1,indo
4,4,tatu
3,3,cachorrinh
1,1,cancel
3,3,lav
0,2,jimin
0,2,seri
1,5,pedrinh
0,2,lia
5,5,ped
1,1,present
3,3,sinal
0,5,sept
0,15,trabalh
3,3,flameng
7,7,morr
2,17,bat
1,0,invad
5,6,box
7,4,the
0,0,p
0,1,harry
1,3,seri
0,10,ganh
3,3,enquadr
0,4,sept
3,5,comig
7,15,lev
0,2,maconh
0,2,andand
3,3,vist
6,6,cheir
19,19,tir
1,1,trist
3,2,elev
0,10,mensag
4,4,menstru
3,6,celul
1,11,surt
0,3,direction
9,9,pass
10,10,fic
1,4,min
0,1,tel
1,1,bail
4,24,conhec
4,4,dorm
4,4,segu
1,2,now
1,1,entrad
2,10,faz
3,3,grav
11,14,dia
23,23,ganh
0,0,comec
64,64,tir
1,0,alis
35,41,cabel
6,6,tatu
3,0,ped
2,6,chat
4,5,fum
0,7,seri
0,2,boat
4,27,com
6,5,compr
4,6,compr
3,22,mensag
0,16,grit
6,9,xing
0,4,conhec
14,14,beij
0,0,mend
0,3,heartstopp
1,1,cyrus
0,2,barbi
9,9,tir
7,4,cant
0,7,chap
0,0,direction
8,8,tim
5,12,ia
5,5,fum
8,8,livr
12,12,troc
3,3,abrac
4,13,conhec
8,8,fest
0,4,flameng
19,19,grav
6,6,compr
4,10,particip
0,28,cas
11,7,abrac
1,1,tirotei
4,4,alianc
1,1,madrid
6,6,casament
5,5,professor
8,8,hack
0,0,com
1,1,rav
1,0,acab
0,7,pesadel
8,8,acord
1,3,cach
0,4,tatuag
2,2,bol
0,3,mor
0,6,sortei
0,2,ruim
2,2,misericord
5,0,invad
0,3,hor
1,2,gomez
0,12,bat
2,2,assalt
0,0,livr
1,1,falt
5,1,caf
2,2,empreg
4,4,bas
30,30,namor
6,6,livr
0,1,twitt
0,4,dirig
5,6,feir
2,2,vi
7,7,twitt
17,17,fic
12,12,quer
8,3,vir
2,2,maconh
3,3,andand
1,6,compr
2,2,volt
8,8,viv
6,6,mil
1,4,gol
3,3,vid
8,8,roub
0,0,gost
34,34,tir
0,0,unid
4,4,socorr
11,11,adot
3,3,limp
15,15,par
0,1,florip
8,8,cas
0,0,alis
5,7,carr
0,2,luan
1,1,acontec
7,7,mot
6,6,fofinh
8,8,tip
0,6,fez
0,8,cabel
1,4,post
0,3,lend
1,4,mensag
0,4,cabelinh
0,0,calv
0,3,azul
6,6,convers
6,4,cabel
21,21,pass
0,7,gent
3,3,sup
5,6,ped
5,3,nasc
8,4,jog
7,6,segu
0,2,sup
10,0,post
7,3,livr
32,32,cas
14,14,quer
7,3,termin
3,1,particip
4,7,tir
0,0,net
0,0,engravid
2,7,explod
1,7,bat
2,2,viaj
1,10,roup
0,2,paul
3,1,assum
1,1,jog
3,13,bat
0,2,ric
3,40,cas
3,3,cuid
3,3,escol
1,4,piercing
3,3,mud
1,2,cameron
2,2,menin
0,9,termin
2,5,viola
3,1,entrav
0,2,angel
1,3,mor
2,2,aparelh
18,18,mensag
4,7,afog
1,1,oroch
0,2,xix
0,6,cred
1,7,filh
3,3,lut
1,1,onca
2,5,fic
0,5,gent
0,2,along
5,5,dia
0,7,grav
3,4,jog
0,3,blackpink
0,3,professor
0,4,horrivel
10,7,prov
0,7,pint
9,9,morr
2,4,avia
3,3,filh
2,2,com
6,3,perd
0,0,desc
3,21,pass
14,14,ped
1,1,glor
20,20,namor
6,6,estagi
17,17,ganh
6,6,gal
1,2,barriga
3,6,lind
2,6,filh
13,13,cabel
2,9,bal
11,6,cheg
1,2,unid
6,6,troc
13,13,tir
10,10,fum
0,4,jj
6,7,ganh
0,1,amo
0,34,cas
5,4,acord
1,1,gomez
0,3,bolsonar
4,4,turn
2,13,namor
0,17,trabalh
13,12,pass
0,2,enquadr
7,7,tatu
1,1,luan
1,5,maconh
9,5,abrac
23,23,tir
1,1,chov
8,2,gost
0,6,lind
1,1,paraqued
16,16,fic
10,10,convers
4,8,nasc
1,1,pavor
4,9,volt
4,14,jog
0,0,post
0,1,kindl
8,8,toc
3,4,viv
2,2,alianc
2,2,amarr
5,5,program
3,3,nov
2,2,morr
1,1,fum
6,2,bols
0,2,chor
10,10,fur
1,1,caid
7,7,film
0,9,namor
0,3,brux
13,13,fic
6,6,trafic
1,9,pod
1,2,nasc
2,1,lev
1,3,trisal
1,1,panic
8,8,xing
1,3,eleico
0,8,mat
2,2,avia
5,0,perturb
0,38,cas
2,2,camara
7,3,adot
3,3,acontec
5,5,perd
0,3,l7
0,0,present
9,2,dent
35,35,tir
0,4,viola
3,3,nen
0,3,fug
1,2,mama
19,19,lev
1,10,seri
0,1,terror
3,3,roub
24,24,beij
0,37,cabel
1,18,pass
4,28,namor
1,0,ped
0,5,sup
5,6,louc
2,3,cach
7,3,feir
1,15,namor
4,6,cai
7,7,chap
0,3,anos
0,4,silicon
1,1,kany
0,3,cinem
5,7,chor
0,9,grav
4,4,fez
0,1,rio
6,8,prov
7,7,lul
0,3,trist
0,1,cor
13,13,encontr
1,6,cant
11,11,dent
0,2,cameron
2,5,compr
1,8,silicon
4,2,beb
1,5,mud
1,1,aranh
0,0,casament
5,2,gol
0,0,cinem
1,2,present
29,29,cas
1,1,mot
2,2,piolh
0,8,cai
1,1,jorg
0,3,caf
8,8,dia
0,8,aniversari
9,9,ganh
1,1,chat
0,3,apaixon
2,2,compr
6,6,perd
0,0,pes
0,0,botafog
6,6,prov
1,2,trist
1,1,fest
0,0,feijo
7,7,loucur
0,1,luan
9,9,jog
0,7,onca
12,12,fal
3,6,fic
3,3,ido
2,15,brac
0,0,bas
6,6,vend
2,1,projet
0,4,pesadel
2,11,seri
0,1,vest
3,3,post
0,1,dar
0,0,empreg
0,3,lul
12,12,lanc
3,3,pass
8,1,lev
0,1,barriga
2,4,irma
0,0,ouv
0,4,blackpink
7,7,mat
0,10,the
0,3,abrac
4,4,algu
1,13,boc
1,1,deolan
0,2,andar
4,4,cobr
3,2,pint
0,0,anitt
0,8,bar
0,0,bar
2,2,soc
0,0,k
1,7,coloc
8,3,prim
1,1,viola
1,1,fri
8,8,casament
1,2,kany
2,2,massacr
1,4,pedr
18,18,quer
2,7,ia
7,7,fic
4,4,trans
6,6,quer
17,17,cas
3,3,anitt
0,4,comig
0,1,alegr
1,3,hamilton
19,19,conhec
5,5,faz
7,7,odi
3,3,falt
11,11,dav
1,1,amarr
18,18,beb
0,1,saiu
5,12,bat
0,5,program
3,18,namor
3,15,quebr
4,4,aparelh
0,4,rihann
5,5,nen
4,5,tra
7,3,aniversari
0,1,angel
14,14,fic
0,0,lend
11,11,bot
0,0,conhec
1,7,tatu
0,8,aranh
10,17,adot
0,4,trist
0,2,voav
0,1,jj
2,3,gal
1,18,peg
0,3,heter
0,14,perd
0,19,cabel
2,2,afog
0,2,bar
3,23,mensag
0,3,terror
21,21,com
36,36,tir
0,2,mosc
0,3,farof
0,5,pra
0,1,beb
2,2,carr
1,6,cheg
1,1,mensag
0,5,comig
5,38,tir
0,2,fumant
1,1,harry
0,4,boc
0,0,program
0,2,present
10,27,cabel
3,3,fofinh
2,2,nasc
2,3,horari
5,3,aniversari
0,9,feit
0,7,louc
0,4,avia
1,1,olhand
1,2,posit
0,1,hogwarts
0,1,elon
0,5,dia
2,2,carta
3,3,viv
2,2,coloc
0,0,bail
0,3,rihann
5,5,esfaqu
9,9,arrum
12,13,conhec
0,6,receb
5,3,chap
0,4,min
0,7,ganh
1,2,nev
4,4,traumatiz
0,0,enquadr
1,1,jesus
5,4,cabel
2,2,fer
5,5,amig
0,1,fon
2,5,piercing
9,9,comec
19,19,beij
1,5,trans
21,21,ganh
1,1,quebr
0,6,basquet
7,7,ouv
0,1,merd
1,1,luis
19,19,com
2,2,panic
7,7,brac
1,3,ia
2,2,horror
13,6,cheg
2,6,gal
8,8,boc
2,10,jog
0,14,gent
0,9,film
6,27,tir
16,16,ganh
0,11,show
10,10,odi
0,1,pared
10,10,ped
0,3,bol
0,1,nick
5,5,projet
4,7,algu
2,3,lut
4,4,atac
1,1,par
8,1,cant
0,2,normal
2,2,madrid
0,2,gustav
3,3,irma
3,3,professor
0,0,pass
0,38,cabel
5,5,engravid
0,0,saiu
4,3,comec
3,1,rea
7,7,receb
2,2,entre
5,5,min
1,4,paraqued
3,3,esfaqu
2,4,chov
0,4,filh
1,1,rio
0,0,avia
0,2,vizinh
14,14,cham
7,7,cas
1,3,gem
4,4,pres
15,15,tir
16,16,beb
0,6,atropel
0,1,menininh
1,1,moga
3,3,horrivel
3,3,algu
0,14,trabalh
10,10,gem
27,27,com
1,2,conteud
3,3,cri
0,0,normal
1,8,bat
4,4,ouv
5,5,boc
4,4,cinem
5,5,tatu
5,5,gem
3,3,morr
1,1,real
2,4,toc
21,21,cabel
0,0,billi
4,4,cachorrinh
0,4,sab
2,2,corinthians
1,2,estrag
10,10,fal
3,2,lend
2,2,amament
2,2,loir
1,1,fiz
0,1,saind
22,22,com
0,0,cabec
4,4,tim
2,6,lind
1,10,jog
16,16,tir
10,11,chor
3,27,namor
3,3,receb
6,6,cheg
1,3,dent
0,1,estimaca
3,3,bal
9,22,grav
0,4,vid
0,4,malh
1,6,peg
11,11,casament
0,1,depressa
6,7,prov
15,15,mat
6,6,cabel
2,2,horari
1,9,bot
11,11,faz
0,5,ex
6,6,rol
0,0,sorvet
6,9,volt
0,0,gil
4,4,estagi
1,3,coba
1,4,pedrinh
1,1,assum
6,6,rihann
0,0,iphon
0,1,gatinh
3,3,estagi
0,3,loir
1,2,burg
4,10,odi
5,13,beij
4,3,namor
0,3,boa
5,2,flameng
4,4,nasc
0,7,odi
13,13,volt
0,42,cabel
0,5,boc
6,6,algu
0,1,buqu
9,5,encontr
3,3,explod
17,17,beb
0,0,jao
1,1,gatilh
1,1,pedrinh
9,0,ped
1,1,sept
0,4,tranc
6,6,pesso
5,5,dinheir
1,2,libert
0,0,gat
0,2,apavor
6,6,afog
19,19,peg
0,3,gatinh
1,8,pass
2,2,paraqued
1,3,delic
1,2,connor
10,3,bal
0,6,dia
6,2,troc
5,5,namor
2,2,franj
2,27,trabalh
1,13,cheg
1,1,desc
41,7,tir
0,15,namor
9,9,casament
0,4,escol
3,1,lembr
0,8,prim
12,12,tir
0,8,loucur
1,3,heartstopp
0,0,sequestr
0,0,carr
3,6,trabalh
0,0,vist
1,1,estrag
0,3,com
1,1,pra
1,12,toc
1,1,delic
10,10,dorm
3,3,conhec
0,0,irma
0,11,prov
2,2,declar
0,2,basquet
4,4,esfaqu
3,3,rea
5,5,ric
2,4,xing
7,7,rol
0,1,trisal
0,5,pes
1,3,roup
1,1,calv
1,2,hamilton
1,2,mai
1,6,menin
3,3,amarr
1,3,mend
6,6,ia
3,3,ex
0,1,olhand
14,8,pass
3,3,coloc
8,8,lut
0,14,pai
1,1,limp
8,8,quer
11,6,pass
9,9,surt
11,11,amig
0,1,tartarug
3,3,soc
12,12,cham
0,6,namor
0,4,cred
15,15,tir
4,1,particip
13,13,lev
2,23,tir
16,16,beij
0,1,pesadel
1,4,tent
4,4,dor
0,9,loucur
2,3,piercing
3,3,cinem
0,8,carta
6,6,silicon
4,4,libert
26,26,trabalh
0,1,amor
1,11,tent
0,1,viola
4,3,film
0,0,chov
0,1,tax
5,5,mensag
3,8,cabel
2,2,fiz
3,7,particip
7,7,dav
0,0,luis
3,3,fic
9,9,mat
0,8,odi
0,1,entrav
1,2,swift
0,14,cas
0,6,mil
0,1,cabel
0,1,surub
2,2,churrasc
6,11,tir
3,3,agu
2,2,xing
2,2,perturb
2,11,volt
1,1,dia
1,1,brux
7,31,cabel
1,4,dent
0,2,sinal
3,14,conhec
0,0,corinthians
8,6,irma
0,3,vez
0,20,pass
1,1,pist
24,24,grav
0,5,fum
0,2,nick
0,0,feit
0,0,gatinh
3,3,odi
5,5,paul
0,0,crossfit
1,1,nasc
22,22,jog
2,2,tip
12,12,chor
0,0,along
0,4,pist
2,6,brig
1,2,andar
0,2,jao
3,3,gostos
0,4,bal
0,2,franc
3,3,amo
1,6,esfaqu
0,0,gal
5,5,grit
0,0,bah
0,4,basquet
0,4,caf
0,3,xix
1,10,amig
3,3,ruim
10,10,conhec
0,2,banguel
5,3,dorm
2,9,coloc
3,10,nev
0,0,carec
26,39,cabel
0,2,lanc
0,4,tatu
15,15,gent
2,5,enem
1,1,fer
18,18,adot
0,1,film
0,7,gol
7,7,cach
9,9,vir
0,0,harry
3,2,entrav
5,3,cont
0,21,bat
0,0,sonh
21,21,conhec
0,0,amor
8,8,trans
0,3,basquet
0,7,cachorr
1,24,conhec
6,6,cas
0,0,film
3,2,lou
0,1,real
1,4,roup
2,2,atras
0,3,viola
4,4,limp
6,2,traumatiz
0,0,xix
1,1,colic
0,3,livr
1,5,vid
3,11,tir
1,2,ajud
1,10,comec
0,7,jog
0,13,pai
20,20,conhec
17,17,pass
12,12,cant
1,1,maconh
9,9,atropel
0,7,nasc
11,4,noiv
0,5,cigarr
0,6,album
4,15,peg
0,3,tip
3,3,ouv
1,1,gom
4,8,cas
0,0,nev
0,1,gom
0,2,maril
14,14,lanc
1,2,coba
1,8,filh
3,3,bah
0,4,casament
0,6,pass
0,4,unid
1,9,amig
3,3,film
4,4,viv
5,5,pesadel
0,8,corinthians
4,4,cri
0,0,tiktok
3,3,vir
12,12,jog
5,5,bat
1,4,trabalh
4,1,sent
1,2,noiv
3,1,dirig
2,3,chap
2,5,fum
2,4,livr
1,2,delic
7,7,boa
12,12,encontr
36,36,cabel
1,1,viv
0,9,com
3,3,cham
0,0,grit
9,9,mot
2,10,ped
0,5,brasil
7,11,tir
5,6,comec
3,1,fest
2,2,sal
0,0,vir
5,5,encontr
6,6,pint
5,8,pesadel
4,4,piercing
0,0,coruj
5,5,pass
15,15,encontr
1,13,faz
3,3,paul
1,17,pass
0,4,flor
15,1,cant
0,1,socorr
2,2,ped
0,0,elit
0,4,amo
0,1,algu
0,10,film
2,13,chor
1,4,toc
1,1,cas
3,11,fal
2,2,hor
7,7,tim
0,0,jimin
0,4,direction
2,2,malh
6,6,piercing
0,2,nen
2,7,abrac
4,4,lev
0,3,pist
0,6,casament
1,1,mae
0,2,loucur
5,5,flor
3,3,loucur
1,1,ter
4,4,jog
3,3,cai
2,5,desc
8,8,the
0,2,kyli
2,2,ganh
4,0,comec
2,2,parqu
0,2,agui
7,7,comec
1,2,eleico
0,0,mensag
0,8,boc
8,8,brinc
0,1,loucur
1,2,rainh
2,2,recif
4,4,pass
4,4,box
4,4,abrac
0,3,botafog
0,0,merd
3,6,pai
0,1,europ
19,12,ganh
1,8,pod
0,5,rihann
1,2,henriqu
10,10,cuid
2,2,mensag
0,6,gent
0,17,peg
3,3,trist
5,5,compr
3,1,vest
3,3,ital
0,14,filh
1,1,engravid
22,22,trabalh
0,9,ganh
0,7,feir
1,1,quer
0,2,carta
0,0,filip
9,1,cant
0,10,brac
0,0,par
1,2,azul
0,2,boz
3,8,jog
0,3,bar
4,7,chor
1,0,tent
0,0,alianc
4,5,present
0,6,calv
70,70,tir
0,2,amor
0,1,barbi
9,9,troc
2,2,papa
6,0,acord
1,3,acord
0,7,ex
4,4,silicon
6,6,saudad
11,11,compr
1,1,gem
9,9,dorm
0,1,sorvet
0,3,nick
2,2,cuid
1,1,tip
1,1,crossfit
3,3,calv
4,4,explod
6,6,explod
5,3,mbapp
1,3,iphon
4,4,seri
4,4,vez
3,3,dinheir
2,3,delic
0,5,flameng
7,7,libert
1,2,roup
2,12,boc
0,3,pastel
1,1,beb
9,6,abrac
2,2,chat
3,3,gal
1,3,apavor
5,5,cort
5,5,amor
12,20,mat
0,14,grav
3,5,tatuag
2,5,acord
0,0,dav
0,0,fofinh
4,4,mae
4,4,ped
3,3,cabec
2,2,vest
0,3,tatuag
6,6,feir
0,6,andand
0,2,irma
1,1,desped
0,0,the
0,22,mensag
1,4,apavor
4,9,silicon
0,1,pattinson
0,15,gent
3,3,seri
0,1,bac
2,2,rea
1,4,viv
2,2,delic
13,13,adot
6,6,faz
9,9,cort
8,8,faz
0,2,pared
2,16,tir
2,2,trisal
2,3,cri
1,1,lug
2,2,surt
1,0,limp
1,1,angel
14,14,mat
1,1,fur
1,1,trafic
2,2,vizinh
21,3,com
0,1,famil
10,10,surt
0,5,fal
3,5,fal
8,8,comec
0,5,futebol
0,2,oroch
0,4,menin
0,0,cyrus
4,4,jog
11,23,peg
3,29,trabalh
16,4,jog
10,10,beb
0,18,ganh
8,8,lanc
1,24,beij
3,1,tel
0,6,cachorr
4,26,conhec
2,2,aniversari
0,1,mensag
1,6,par
5,6,cach
1,4,desesper
9,9,nasc
0,1,lev
5,5,anitt
4,1,caf
0,14,amig
7,7,lind
11,11,mat
0,15,volt
6,6,lanc
9,0,acord
0,6,boc
1,2,batman
8,3,peg
8,6,com
0,1,corp
1,2,pabll
0,4,gent
1,8,brinc
2,5,mat
0,0,hor
0,1,mil
0,0,fern
4,11,toc
1,1,atras
8,8,tir
3,3,dia
3,5,casament
0,1,jimin
8,8,fal
11,11,bol
0,6,ganh
1,1,shelby
1,5,perd
1,1,professor
10,6,gost
6,6,invad
7,9,troc
0,1,bot
1,2,real
2,2,cri
6,6,loucur
0,0,mcfly
14,14,grit
0,3,buqu
0,2,usand
0,0,usand
6,6,tom
0,9,pai
2,2,vist
6,6,buqu
0,3,album
20,20,jog
2,12,namor
0,0,fez
6,20,grit
14,14,ganh
2,2,grav
0,5,achav
0,2,perturb
1,2,fon
6,6,gem
2,3,feir
0,0,odi
3,3,acab
1,2,acident
3,3,sorvet
0,2,bieb
0,0,swift
2,6,afog
7,7,cri
3,11,mat
14,14,pint
3,6,compr
1,2,k
1,2,fernand
5,5,onca
0,2,poz
2,21,quer
0,32,namor
0,1,l7
8,8,compr
1,1,jao
2,2,pes
2,1,luan
0,1,billi
3,5,troc
1,18,volt
0,2,tim
4,4,conhec
0,14,beb
0,1,enem
6,6,lut
3,3,tra
0,2,selfi
10,10,volt
0,1,churrasc
0,0,madrid
2,17,peg
0,3,sonh
0,5,botafog
5,5,peg
0,4,sorvet
1,2,maldiv
0,0,viaj
1,2,desped
0,0,onca
7,7,irma
2,2,basquet
4,6,amig
1,3,banguel
24,24,trabalh
2,18,namor
1,3,sush
0,6,cant
1,1,soc
0,2,ser
0,17,beij
4,4,fum
0,0,gem
3,3,mbapp
4,4,ia
5,5,show
0,3,tirotei
2,0,invad
3,3,atropel
6,6,cort
2,1,paul
12,12,com
2,2,explod
0,11,tip
4,2,desc
1,10,trans
1,3,pra
1,8,arrum
3,3,atras
1,1,malh
4,4,tom
16,16,volt
6,0,vid
0,5,seri
4,4,dinheir
2,19,beij
0,2,sush
6,6,comec
11,11,grit
0,0,kany
0,2,posit
6,6,min
0,11,comig
0,1,p
26,26,tir
0,4,ganh
0,10,quer
0,2,farof
0,19,pai
31,31,cas
0,12,cabel
0,11,dorm
6,1,dirig
13,5,cas
0,3,kyli
0,8,faz
12,12,faz
6,6,tip
2,1,xix
0,1,conteud
8,8,adot
7,7,sequestr
5,5,vir
1,1,portugal
3,8,soc
0,2,barb
2,2,carec
1,3,diab
0,6,saudad
0,4,ouv
1,3,direction
1,2,desej
6,1,gatinh
0,6,cabec
4,3,menininh
0,2,bac
1,12,com
0,2,pern
0,6,brac
5,5,arrum
0,0,dand
2,2,gol
20,20,beij
0,3,franj
1,7,faz
0,4,cobr
0,1,cabec
10,10,dav
7,7,peg
0,3,mend
0,2,caramb
24,24,jog
18,18,grit
3,3,declar
6,6,fest
0,6,sorvet
1,6,viaj
8,8,dav
1,1,direction
1,1,morr
2,2,repreend
1,3,sonh
13,13,com
0,2,rio
11,11,lanc
1,1,entrav
2,2,roup
26,23,cabel
3,3,adot
2,3,roub
0,4,lind
9,13,conhec
0,2,ital
8,8,noiv
1,1,pass
0,2,coruj
1,1,lul
1,7,prim
0,0,pai
15,15,fic
10,10,cham
1,1,livr
2,2,lev
0,2,acident
8,4,amig
3,2,celul
0,4,jimin
0,11,ganh
0,3,acident
13,13,ia
3,3,lul
6,6,mud
0,7,piercing
0,1,sal
2,11,bol
1,1,fofinh
1,2,professor
4,4,cort
1,4,unid
2,3,abrac
2,9,trabalh
0,9,gatinh
8,8,mat
0,0,florip
0,8,noiv
0,0,min
0,3,jimin
10,10,mensag
1,1,ex
4,4,nov
9,4,brac
6,6,jog
6,6,trans
4,0,ped
0,3,tatuagens
7,1,vid
1,1,fern
0,5,pod
1,2,jao
4,4,bail
9,9,pod
15,15,mensag
1,18,lev
10,10,seri
7,6,beij
2,2,jimin
20,20,grav
6,2,prim
21,21,peg
16,16,brac
0,3,jj
0,2,ouv
5,3,chor
0,8,atras
0,36,cas
2,2,narut
13,13,par
2,2,feir
1,1,show
2,2,draga
2,3,post
0,0,repreend
6,6,amass
0,1,bieb
2,2,pres
3,3,particip
1,8,beij
10,10,trans
2,25,com
1,4,beij
2,3,sobrinh
9,9,declar
0,2,anitt
1,15,peg
0,1,dav
7,7,cachorr
5,5,assum
0,0,batman
7,22,par
2,2,adot
1,5,fic
4,3,nasc
31,31,namor
1,1,cat
15,15,cham
0,2,heartstopp
1,2,billi
0,3,bac
7,7,gem
1,2,camil
7,7,tra
66,66,tir
11,12,ganh
4,4,xing
4,4,particip
3,1,cabel
2,1,beb
23,23,quer
0,2,britney
1,4,franc
1,30,cabel
4,2,univers
0,3,deolan
0,9,tim
0,0,peg
5,1,vid
0,8,atac
7,7,cabec
7,7,brig
0,8,gem
0,1,hack
63,63,tir
2,2,futebol
0,1,caid
0,28,trabalh
6,0,pint
1,1,neym
0,9,coloc
1,1,agu
3,2,barb
1,1,lav
0,4,vez
3,3,twitt
0,7,vest
25,25,conhec
8,8,atac
1,5,desc
0,2,horrivel
0,2,entrad
0,1,katy
0,0,mot
3,4,gent
0,2,vontad
1,3,cri
3,3,panic
12,12,cabel
0,4,enem
7,4,jog
1,27,namor
7,3,post
12,12,cri
0,23,mensag
2,2,mot
2,2,gatilh
8,4,toc
2,5,coloc
2,2,lanc
0,1,voand
3,17,trabalh
0,0,mbapp
0,0,pesso
2,19,trabalh
3,3,com
0,0,gatilh
6,5,tir
8,8,cach
6,6,fal
0,0,vontad
2,2,falt
1,9,grit
1,7,silicon
6,0,invad
6,6,cinem
2,4,procur
5,3,grit
4,4,compr
1,1,vasc
2,2,enem
0,0,sent
1,6,rol
7,11,volt
0,4,estimaca
0,3,ia
5,5,louc
1,3,namor
11,5,comig
3,4,tatuag
0,0,recif
1,5,trabalh
8,35,tir
0,6,com
1,2,cat
25,25,cas
4,13,coloc
1,2,lou
5,5,irma
2,7,jog
0,0,sush
8,8,trabalh
4,0,pint
5,5,buqu
1,1,comec
0,10,bot
0,4,paul
5,4,mensag
6,6,film
1,1,sal
0,0,pabll
0,0,dar
8,13,namor
0,2,cancel
0,4,mess
19,19,quer
1,1,lut
4,2,adot
3,3,l7
0,0,jk
3,6,ped
34,27,cabel
1,3,calv
11,11,brac
11,7,trabalh
2,1,boat
1,1,trabalh
2,10,brac
27,27,jog
4,15,perd
3,3,noiv
2,4,trabalh
1,5,namor
5,5,amass
6,6,empreg
3,5,vid
9,9,comig
7,10,fal
5,5,declar
1,1,adot
0,4,rea
0,0,luan
0,15,dav
16,6,par
1,1,dougi
0,10,carta
8,8,tir
2,2,deolan
1,1,bot
0,1,sup
10,10,chor
3,3,bbb
4,3,lut
7,7,min
5,9,beij
0,3,caid
2,2,sortei
5,5,present
2,2,tent
0,1,present
13,13,vir
0,2,brasil
6,6,seri
4,5,abrac
3,3,pra
7,7,fal
2,6,comec
0,3,guitarr
0,0,rainh
3,2,nen
2,2,tartarug
0,7,cas
12,12,dia
1,1,barrig
0,1,unha
37,37,tir
8,0,tent
0,2,assust
0,3,pres
12,12,abrac
7,7,sonh
13,13,pint
0,1,achav
3,4,parceir
0,13,namor
0,1,crossfit
3,4,bol
0,2,kindl
2,2,pai
1,7,dent
1,1,bbb
2,6,compr
1,1,pedr
12,12,conhec
0,3,lug
0,0,pres
3,14,ped
0,7,dorm
0,0,dent
3,3,show
5,1,carta
0,10,aniversari
9,9,film
5,7,arrum
16,16,cabel
0,2,mil
1,1,feir
3,3,faculdad
1,2,perturb
8,4,lanc
0,1,vai
0,3,ital
35,35,cas
1,1,k
0,8,gatinh
0,6,loucur
1,1,andar
6,6,tir
0,3,bal
4,4,perturb
1,2,gol
3,3,comig
8,8,pes
0,1,botafog
2,4,lanc
0,5,vid
1,4,empreg
8,10,aniversari
3,3,gost
0,7,maconh
0,9,comig
0,3,jk
5,5,bal
4,4,pesso
9,9,noiv
0,1,cair
0,0,estagi
6,6,cachorr
0,8,tip
1,2,sinal
1,2,cancel
6,6,nasc
21,21,trabalh
8,8,vir
1,1,cheg
10,16,trabalh
0,3,liv
0,12,adot
7,8,cort
2,6,morr
11,4,cham
0,5,sorvet
1,2,apocalips
0,5,sonh
3,3,pavor
2,2,livr
0,4,loucur
15,15,trabalh
10,10,the
4,0,lou
6,6,twitt
6,6,rea
6,6,mensag
0,10,mot
1,1,grec
1,1,acord
3,3,program
2,2,nov
2,2,olhand
9,3,nasc
2,2,abrac
0,15,quer
2,2,bal
7,9,beij
0,18,quebr
3,3,camara
2,2,libert
2,4,boc
0,3,tiktok
0,5,onca
2,2,viv
0,3,academ
1,21,mat
0,0,cris
0,0,trafic
9,9,convers
4,4,cont
1,10,segu
0,7,dia
12,14,conhec
0,7,corp
13,10,pint
2,2,estimaca
3,3,amig
0,3,harry
3,3,tir
5,6,tent
3,3,mess
21,3,peg
0,2,cred
0,8,gal
0,2,feit
10,1,dia
0,2,europ
0,0,academ
0,5,coloc
11,11,encontr
0,1,escol
8,8,cant
2,1,caf
1,3,repreend
0,14,dia
0,3,horrivel
1,4,resolv
9,9,grav
0,19,amig
0,2,eleit
2,13,tent
4,8,abrac
10,10,gost
1,1,bah
0,25,grav
0,0,draga
7,1,carta
0,5,algu
3,6,cabec
0,2,cor
7,7,faz
7,7,caf
8,8,prov
3,3,dougi
0,2,prim
1,2,jad
0,8,bot
0,3,aniversari
0,4,algu
11,11,cham
1,1,traumatiz
10,10,pod
0,7,bat
0,0,falt
2,2,franc
0,1,album
4,4,the
6,6,grav
1,1,elit
2,8,ganh
1,1,viaj
6,6,menininh
1,2,rol
0,6,par
0,1,ia
9,4,cobr
5,5,futebol
7,7,pes
18,24,trabalh
5,4,ia
13,13,ped
1,2,brasil
0,0,guitarr
0,0,connor
1,1,mil
6,10,feit
1,9,explod
2,2,matu
0,12,ia
2,2,iphon
7,4,post
9,9,bat
8,8,lev
2,2,neym
7,5,mat
2,2,caf
16,16,fal
4,2,soc
0,2,fernand
8,8,engravid
1,1,encontr
5,6,cheg
6,6,morr
0,10,irma
2,1,rihann
3,3,tip
0,8,cobr
1,8,rol
0,0,depressa
27,27,cas
0,3,cai
12,12,lev
0,0,rio
2,21,fic
7,6,tatu
0,2,madrid
5,5,par
1,12,perd
1,3,blackpink
0,2,jesus
14,1,beb
2,2,program
0,6,twitt
0,2,camil
0,1,lip
0,2,dar
0,3,iphon
0,1,hom
1,4,escol
11,11,fal
1,1,procur
6,6,pesadel
6,6,par
0,2,pedr
0,0,bbb
0,10,casament
7,7,paul
3,2,cuid
0,3,roup
3,3,fest
0,12,grav
7,7,bal
3,21,par
5,5,coloc
1,9,noiv
0,2,louc
1,2,trafic
3,12,pass
0,2,cobr
0,4,celul
0,3,matu
0,1,rihann
6,6,ganh
0,5,filh
5,5,gal
4,3,mor
23,23,trabalh
0,5,mbapp
3,3,bar
1,1,heter
1,2,whindersson
4,4,iphon
0,2,dogg
0,0,amament
0,4,mae
0,9,corinthians
8,17,tir
0,10,tim
3,3,prim
0,3,namor
0,8,prov
8,7,roub
4,4,sal
0,1,celul
0,2,oliv
8,8,pesadel
10,1,carta
10,10,comig
10,10,prim
1,3,amig
0,2,paraqued
0,3,p
1,2,lind
7,10,cham
2,1,menininh
0,1,faculdad
2,30,trabalh
27,27,tir
0,15,grav
11,11,tatu
0,7,brac
2,2,covid
7,7,nev
1,5,nov
6,3,acord
0,0,moga
4,8,termin
3,3,bol
1,1,papa
6,6,orelh
21,3,namor
15,15,jog
0,2,sept
0,0,panic
5,5,trabalh
0,11,seri
1,1,bols
2,4,carta
9,9,feit
6,6,quebr
0,5,amig
7,0,post
0,4,calv
4,4,convers
2,6,eleico
1,7,roub
5,11,chor
0,8,gol
0,5,elev
0,1,mosc
1,4,sinal
0,16,mensag
1,5,afog
0,2,cheg
1,5,mat
0,4,ensin
4,4,chor
0,2,escol
1,1,com
0,0,brac
9,9,pint
4,4,grav
1,1,disney
4,4,cuid
21,21,tir
0,11,bot
0,4,irma
2,2,ric
0,16,lev
3,3,arrum
1,0,in
0,0,aniversari
4,3,fiz
12,7,abrac
3,3,present
0,17,mensag
1,1,atac
2,2,amig
5,5,menininh
3,3,assust
1,1,juliett
2,6,convers
7,7,bat
5,2,nasc
5,1,dav
0,4,pai
6,6,caf
0,1,cameron
3,7,tom
2,10,ganh
4,4,falt
7,7,lanc
2,5,mae
11,11,rol
0,6,gat
11,11,tir
5,5,piercing
7,5,adot
1,1,mae
3,3,beij
10,10,cham
7,7,feit
0,2,deolan
17,17,volt
0,3,dorm
0,1,gem
1,4,blackpink
11,23,namor
3,2,cabel
1,1,ital
0,1,gol
1,1,tatuag
3,11,jog
10,10,encontr
0,4,parceir
12,12,beij
3,3,silicon
5,5,alianc
0,2,tel
0,8,mensag
0,3,segu
0,4,sonh
4,5,apaixon
2,2,the
2,10,conhec
3,7,filh
2,3,atac
3,3,gir
3,3,fur
3,16,ped
0,8,feit
5,5,roub
1,1,dor
13,13,rol
0,0,morr
0,10,noiv
2,2,gostos
2,11,pint
2,2,fofinh
4,5,cancel
3,3,dirig
5,5,agu
0,5,parceir
3,3,quer
0,1,fri
3,5,quebr
0,6,orelh
6,4,beij
3,3,fiz
13,13,trabalh
9,4,conhec
3,1,fum
5,0,gost
0,5,turn
4,4,bot
0,0,basquet
0,6,dav
0,0,ped
0,3,sush
3,1,dinheir
2,2,gat
3,5,cort
4,4,pastel
0,0,parqu
0,6,fofinh
1,2,oroch
4,7,pint
4,7,trans
2,2,espanh
0,6,libert
7,7,prim
2,2,andand
0,6,horrivel
9,0,comec
2,9,mensag
0,6,botafog
0,3,carec
0,0,maril
2,2,fum
11,11,perd
0,5,flor
0,8,lul
18,18,volt
1,6,adot
0,1,vi
1,2,vai
1,1,brig
0,0,cai
9,9,fal
0,1,iphon
0,0,maldiv
4,4,pai
0,1,feijo
0,4,franc
4,5,cas
6,2,pint
7,5,fum
12,5,vir
1,5,compr
1,1,futebol
0,0,hogwarts
3,5,engravid
0,0,barriguinh
5,5,resolv
0,7,futebol
2,6,cant
5,5,fez
0,1,maril
0,0,soc
3,5,tatuagens
1,1,hack
20,20,par
1,4,sonh
0,1,bbb
2,4,mensag
2,2,bts
5,2,bot
1,3,gom
0,9,arrum
16,29,trabalh
15,15,beij
0,0,silicon
6,6,prim
6,6,beij
5,4,vid
0,0,entrad
0,2,duba
1,1,dand
3,3,xam
1,1,resolv
3,3,pern
5,3,brig
0,5,vist
0,0,fic
0,3,fez
3,3,louc
15,15,cant
0,0,gostos
0,0,oroch
18,18,cabel
7,5,pes
6,6,odi
0,0,apocalips
6,6,boa
0,13,grit
1,0,pint
0,0,socorr
6,6,tim
0,7,prov
2,2,maril
5,5,vend
2,7,prov
5,5,silicon
1,8,gatinh
0,8,bat
4,4,cabel
10,10,nev
3,4,noiv
0,7,cabel
1,1,elon
0,2,granda
1,1,sobrinh
0,1,barrig
9,9,trans
2,2,depressa
0,0,colic
0,7,tim
1,2,amor
3,1,madrid
4,4,amor
1,6,bat
1,1,corp
0,10,cobr
8,8,quebr
1,5,coloc
2,3,perd
0,1,maconh
3,3,caid
7,0,tent
15,15,lev
2,13,ped
1,2,procur
9,9,com
58,58,tir
0,2,fest
1,1,constru
4,35,cas
11,13,com
20,20,pass
1,2,paralis
1,1,henriqu
9,9,fiz
16,16,gent
0,1,vap
6,6,segu
0,2,blackpink
2,0,in
3,2,malh
0,9,perd
3,1,fernand
0,2,gatilh
2,2,peg
0,4,feit
0,1,pedrinh
0,3,tel
8,8,gal
6,6,tent
0,5,fur
7,7,menin
2,12,fum
6,6,chor
3,3,diab
9,9,cant
1,2,cabelinh
12,12,mensag
4,4,flameng
0,1,disney
0,21,mensag
1,1,lariss
9,9,brig
1,2,gustav
0,1,ajud
1,2,bieb
1,1,blackpink
2,2,trabalh
2,9,aranh
0,19,gent
1,1,flameng
4,4,sonh
0,4,beij
4,4,acident
11,4,post
6,8,amass
3,3,achav
4,4,tra
0,3,normal
0,5,feijo
2,12,nev
0,0,cheir
3,11,chor
18,18,fic
12,12,ped
0,3,pod
1,1,casal
0,2,avia
6,11,noiv
0,3,gatilh
0,1,rainh
0,5,mil
0,2,desped
2,2,pern
0,1,vontad
6,5,cas
3,4,pes
61,61,tir
3,3,mot
3,3,desesper
2,9,quer
6,3,post
0,0,narut
6,6,botafog
0,1,gent
2,2,tom
0,0,buqu
0,2,bts
0,0,selfi
1,1,desbloqu
2,2,gatinh
1,1,jj
10,10,cant
1,1,menininh
27,27,grav
1,1,amass
20,20,bat
0,4,papa
0,2,achav
20,20,quer
1,1,libert
0,4,ric
0,2,cabec
0,4,bas
3,3,encontr
4,4,corinthians
0,0,papa
2,4,mud
3,3,gatinh
0,3,algu
0,2,florip
0,2,ia
4,4,brac
5,9,com
0,1,mai
8,8,convers
7,7,mensag
2,2,sept
16,16,quer
0,0,esfaqu
0,2,the
2,22,namor
0,6,program
2,5,apaixon
2,2,apavor
1,1,tartarug
2,2,mud
5,4,lev
45,45,tir
0,7,vid
1,1,pai
0,4,xix
10,10,quebr
13,13,jog
1,1,normal
2,13,peg
1,6,flor
3,2,present
0,22,cabel
0,9,the
3,1,boat
0,2,rainh
0,2,formul
5,5,casament
0,3,xam
5,5,rol
0,2,bas
2,5,fal
2,7,conhec
1,9,trabalh
0,3,boat
0,1,shelby
1,2,boz
0,7,amig
0,0,sobrinh
1,2,net
0,0,tirotei
7,7,horrivel
4,2,gost
2,2,bolsonar
1,1,onlyfans
9,9,cri
0,8,jog
0,3,soc
6,2,termin
6,10,prov
0,16,ped
0,0,cruzeir
7,1,cant
2,5,assalt
3,3,pedrinh
3,3,malh
41,41,cas
0,3,hamilton
0,2,viola
4,4,vist
1,19,volt
6,6,vir
4,4,desc
0,3,enquadr
5,5,mot
6,6,the
0,2,algu
0,4,franj
0,0,andand
0,4,acident
8,8,cham
1,1,depressa
3,3,feijo
2,11,fal
49,49,tir
1,4,procur
0,2,merd
2,2,gem
0,2,horror
2,2,indo
2,2,brig
1,2,coruj
0,0,bieb
3,6,fum
1,1,chor
6,6,cuid
0,0,poz
0,0,bol
2,2,luan
0,2,liv
6,6,sequestr
3,3,alegr
0,6,caf
9,8,rol
0,2,real
0,12,brac
2,2,sent
7,7,carr
3,3,troc
13,4,encontr
0,0,paul
4,4,roup
0,7,orelh
6,6,post
1,1,filip
3,3,jj
1,4,trafic
1,1,ensin
6,6,atac
18,18,beij
0,5,dinheir
1,2,silicon
0,11,gatinh
0,0,peix
13,13,cant
2,5,engravid
0,12,beb
1,26,trabalh
1,1,cris
11,11,filh
3,2,acident
0,2,swift
9,9,gem
0,6,tip
0,1,dad
3,7,jog
2,2,cachorrinh
4,15,jog
0,3,calv
0,0,lou
0,0,maconh
0,6,brig
0,11,amig
2,2,mae
9,9,gent
9,9,filh
5,5,algu
0,3,fest
5,5,cabec
7,7,pesadel
0,0,pavor
6,6,feit
2,4,apaixon
0,2,dav
1,1,gol
12,12,surt
2,15,cabel
1,2,fumant
0,1,madrug
0,9,casament
1,1,barriga
68,68,tir
3,1,box
9,9,conhec
4,5,casament
0,4,lev
0,9,show
6,9,mud
3,3,sonh
8,10,show
1,7,orelh
2,2,sequestr
1,2,desc
1,12,adot
0,0,vid
2,2,merd
5,2,dia
0,6,traumatiz
8,8,brac
3,3,chap
9,9,ia
0,7,fofinh
0,0,acident
2,2,rav
2,2,xix
0,2,botafog
0,4,orelh
5,3,basquet
6,6,amig
1,1,europ
8,8,pint
0,1,tirotei
0,3,madrid
7,7,chor
2,0,vid
0,2,mai
1,4,afog
8,9,coloc
2,2,brac
6,5,troc
3,6,viaj
4,4,bol
3,3,pint
1,3,franc
2,8,morr
0,1,ido
0,1,agui
1,1,terror
2,2,selfi
1,1,agui
0,0,dirig
2,2,atac
0,6,the
8,8,tra
8,8,bar
0,2,vist
1,1,feijo
0,0,kyli
1,5,surt
21,21,beij
0,17,gent
0,0,nov
10,10,tent
2,5,nev
8,8,nev
8,2,corinthians
6,2,gost
1,15,conhec
6,6,turn
0,2,brux
8,8,celul
0,1,basquet
0,1,andar
2,3,peg
3,10,conhec
0,7,fest
9,9,segu
0,5,trabalh
7,5,viv
1,1,desesper
2,2,tirotei
5,5,tip
0,16,trabalh
1,1,clon
62,62,tir
2,3,pod
2,0,comec
3,6,toc
0,1,kids
12,12,tom
6,6,corinthians
0,0,arrum
0,2,bolsonar
11,4,conhec
2,2,clon
0,6,menstru
7,7,sup
7,7,nasc
2,0,pint
0,1,k
3,25,beij
2,2,bar
1,3,ter
2,2,heartstopp
1,1,farof
0,1,jorg
0,7,faz
0,1,recif
5,5,explod
1,3,receb
25,25,trabalh
2,7,fiz
4,4,coloc
8,8,andand
2,2,aniversari
0,3,chor
0,3,saiu
4,4,show
6,6,acord
1,2,mend
4,3,post
17,17,morr
0,14,sonh
0,5,anitt
3,7,cabel
0,9,cabel
8,8,grav
0,1,whindersson
0,4,fal
0,2,juliett
3,5,empreg
12,12,dent
6,6,pes
0,7,bar
0,11,livr
1,1,bolsonar
0,4,grav
2,4,p
0,2,turn
0,5,trans
8,8,receb
0,0,perturb
0,0,lut
5,5,film
0,2,unha
4,4,lend
13,13,dav
2,2,present
6,6,toc
3,3,menin
2,7,coloc
0,1,farof
0,3,lind
0,5,alianc
3,3,cachorr
1,1,enem
7,7,pai
1,1,botafog
1,1,cigarr
3,15,encontr
2,2,hom
0,13,dav
7,7,troc
0,6,carr
1,1,p
0,3,famil
14,5,fic
0,0,cachorrinh
0,6,assum
4,2,flameng
0,16,grav
10,10,com
0,5,mensag
0,1,agu
0,2,sorvet
4,2,troc
0,2,hamilton
8,8,par
1,5,quebr
3,3,lia
5,5,dirig
0,5,malh
4,4,vizinh
9,9,gatinh
9,9,fur
1,19,beb
4,4,peg
0,20,cas
7,28,namor
4,4,horari
4,4,par
10,10,irma
1,1,conchinh
5,5,odi
5,15,conhec
8,8,dirig
0,1,acident
0,4,pedr
7,7,coloc
7,7,tatu
1,1,vid
0,2,bat
5,5,tir
9,9,chor
3,4,lanc
0,0,oliv
2,17,fic
1,3,elon
2,4,beij
5,2,traumatiz
11,11,brig
1,3,faz
0,4,bail
1,12,cas
7,1,fest
1,1,dogg
2,4,conhec
9,9,volt
2,4,gir
0,17,mat
0,0,elon
2,6,lev
0,0,cair
4,4,fiz
1,2,tash
2,2,normal
0,4,real
0,4,gatinh
4,13,grav
0,3,fiz
5,3,atras
1,1,paul
4,4,sequestr
4,4,gir
1,1,manu
0,5,sortei
1,1,algu
1,2,irma
0,1,manu
3,3,boc
0,5,corp
18,18,fal
2,2,cachorr
5,5,vist
9,23,conhec
0,7,tip
7,7,abrac
8,8,ia
0,27,conhec
0,1,draga
2,2,cancel
19,6,fic
8,3,brig
0,4,sal
8,5,roup
2,2,banguel
0,1,ensin
1,12,namor
2,6,segu
5,5,cas
0,1,pesso
1,3,post
8,8,acontec
0,6,pesadel
2,2,lia
1,2,dev
0,0,conchinh
0,9,quer
2,5,tom
0,7,brig
2,2,gir
1,1,cant
0,0,shelby
10,10,viv
0,2,madrug
1,1,afog
5,6,gost
2,2,piercing
1,1,massacr
0,9,mot
3,1,cant
5,5,rihann
8,5,declar
9,9,perd
0,2,aparelh
0,2,vasc
4,4,pesadel
3,3,roup
0,4,toc
3,3,atac
1,1,draga
54,54,tir
1,13,filh
3,22,cabel
1,27,jog
0,0,pesadel
1,4,cham
7,7,particip
0,2,casal
0,1,feit
11,11,mensag
15,36,cas
5,20,par
0,1,projet
5,4,cham
8,2,cheg
0,18,beb
0,22,fic
11,11,quebr
3,4,corp
4,4,maconh
5,3,prim
1,10,cort
0,19,mensag
0,0,cancel
6,10,mot
2,1,amament
9,9,assum
1,0,lav
1,20,trabalh
2,2,gent
4,4,lut
0,0,amarr
2,1,turn
0,2,dad
0,2,lug
5,5,mud
3,7,viaj
55,55,tir
0,2,churrasc
0,16,brac
0,0,bolsonar
2,5,algu
1,1,dev
0,2,voand
3,5,cas
10,10,tra
3,3,ensin
20,20,com
0,15,ia
4,4,irma
1,1,assalt
0,9,compr
1,1,tax
4,2,hack
0,11,carta
11,11,gent
0,5,sinal
2,5,mud
47,47,tir
4,5,celul
0,6,ia
1,7,cobr
0,8,soc
3,3,anos
1,6,sonh
1,1,album
43,43,tir
0,0,tatu
5,2,dav
6,8,atras
0,7,corinthians
19,19,cabel
1,3,resolv
1,1,segu
14,14,dav
0,10,conhec
2,4,encontr
2,2,toc
26,26,namor
0,1,alianc
0,7,filh
3,14,mat
0,0,pod
9,9,fum
6,6,gat
4,4,comec
0,0,compr
9,9,dia
4,8,engravid
0,15,boc
5,5,cham
0,14,dav
5,5,sequestr
7,7,bol
1,1,cachorr
5,5,tom
0,0,cat
1,3,menininh
0,3,ensin
0,11,gent
1,2,voand
2,1,fez
13,13,tent
2,24,ganh
0,1,mcdonald
1,2,cyrus
1,2,kyli
0,0,trans
0,2,felip
3,3,mensag
3,12,cheg
13,13,faz
6,6,futebol
4,17,bat
4,20,fic
0,5,eleico
1,3,horror
1,7,conhec
2,2,poz
0,22,quer
1,2,eleit
17,1,cant
0,1,narut
0,37,cas
1,4,brasil
1,15,morr
0,7,celul
9,9,corinthians
0,0,ruiv
2,15,trabalh
0,3,juliett
0,0,skat
0,2,manu
0,1,lia
0,1,rav
0,3,box
2,7,declar
0,5,pedrinh
0,6,sonh
7,28,beij
0,0,cuid
3,3,delic
0,33,cas
0,23,cabel
2,3,prim
0,9,particip
18,18,tir
3,3,bat
0,0,mat
2,2,feit
3,3,gol
5,5,malh
20,20,ganh
8,12,brac
1,1,dinheir
3,3,dor
3,3,barb
7,7,grit
0,3,neym
2,2,ensin
7,7,quer
2,18,lev
3,6,com
2,3,cont
0,0,nen
4,4,film
0,4,fofinh
1,3,bail
1,7,cach
3,3,brux
7,4,beij
0,0,desbloqu
11,11,lut
3,3,hack
2,7,tir
17,7,cas
6,9,cabel
7,7,corinthians
6,6,ouv
0,4,afog
7,0,ped
4,4,achav
1,4,bol
0,3,cont
2,9,ganh
0,0,camara
8,8,jog
1,2,jackson
7,7,amass
11,11,ganh
1,1,kyli
0,2,cat
0,6,bolsonar
2,2,ouv
1,6,chor
0,0,ia
23,23,namor
0,0,assust
0,1,menstru
4,4,present
0,4,espanh
2,2,cop
0,17,beb
0,0,mae
6,6,acontec
4,23,cabel
3,3,ganh
0,1,boa
16,16,coloc
0,35,cabel
1,5,desped
0,6,seri
2,3,iphon
2,2,p
0,4,juliett
29,29,conhec
11,11,nasc
0,0,vap
0,0,andar
5,2,lou
1,7,afog
7,7,futebol
1,7,empreg
1,6,trabalh
0,1,aniversari
3,9,quebr
0,4,paraqued
0,4,alegr
3,5,franj
2,8,jog
13,13,pai
2,1,tel
0,9,gem
0,5,adot
1,1,amo
0,2,cabel
2,2,odi
6,20,mensag
0,1,liv
1,1,pabll
0,32,cabel
0,3,elev
3,3,terror
7,7,adot
1,1,odi
10,9,ganh
3,0,desesper
4,4,paul
5,5,brinc
0,1,dia
2,1,sup
16,16,mensag
0,3,rea
1,1,arrum
3,3,pared
2,15,jog
29,29,tir
4,8,cach
14,14,peg
0,2,brac
1,2,dia
0,0,instagr
1,1,tatu
0,0,liv
6,6,paul
2,2,quebr
0,0,lou
3,3,boa
2,2,chov
0,0,gir
2,2,hogwarts
6,6,abrac
1,26,namor
4,4,entrad
0,6,chor
4,4,viola
0,6,bols
11,11,prov
2,2,dirig
5,5,lanc
0,1,dev
0,3,gol
1,9,beij
0,0,louc
0,12,boc
5,5,caf
7,2,troc
2,18,ganh
2,2,tatuagens
0,5,l7
7,7,comig
3,3,bolsonar
1,1,cameron
1,10,tra
2,2,cham
4,4,atropel
2,1,fum
2,0,tir
1,4,aniversari
0,2,professor
1,8,empreg
1,1,perturb
0,7,mot
18,18,jog
2,6,abrac
0,3,mensag
30,30,tir
1,1,socorr
4,1,eleico
3,3,hamst
1,1,namor
10,10,bat
0,1,xam
39,39,tir
23,23,grav
8,8,dorm
0,3,sinal
3,3,papa
0,0,atropel
0,1,xix
3,1,sab
0,2,billi
6,3,aniversari
0,3,nov
0,5,min
1,1,escol
0,5,basquet
1,2,pavor
0,2,sobrinh
0,2,p
10,10,mat
0,1,academ
0,0,lia
1,1,corinthians
0,2,pabll
8,8,bol
1,1,orelh
0,0,mil
0,8,algu
2,2,nev
7,4,assum
10,10,livr
2,11,amig
3,4,min
1,6,irma
7,7,ganh
0,0,tir
2,2,vez
5,5,toc
3,3,procur
4,5,desc
3,5,acab
2,2,achav
2,1,fug
8,8,declar
0,2,neym
0,5,alegr
2,1,agu
6,6,carr
0,7,conhec
10,10,dia
5,5,post
1,9,chor
0,1,tiktok
14,14,encontr
19,19,pass
10,10,perd
4,4,acontec
4,4,dav
0,2,mend
7,8,compr
3,3,vizinh
0,1,cigarr
1,5,tom
6,13,dent
0,7,boc
5,7,brig
0,0,vai
0,5,vir
4,4,pist
9,9,namor
6,4,encontr
0,4,dav
0,15,abrac
0,2,hack
1,1,anos
0,3,dougi
1,0,post
5,4,beij
1,1,cach
8,8,mot
1,1,tra
0,1,eua
11,11,tom
0,3,carr
1,1,acab
9,7,bat
0,3,arrum
0,4,bol
15,15,beb
1,1,peg
1,1,cuid
0,2,saudad
3,3,compr
14,14,cas
0,1,pist
0,2,jk
0,25,trabalh
2,2,tim
1,2,cor
2,2,usand
0,11,cobr
1,1,grav
0,5,dorm
3,0,pint
0,4,quer
1,4,cachorr
8,0,post
0,2,iphon
1,2,gusttav
0,3,agu
2,4,ganh
0,3,delic
1,1,brasil
0,16,quebr
32,40,cabel
1,5,conhec
2,5,dent
0,0,caf
3,3,chor
0,0,termin
0,0,cameron
0,26,cabel
0,1,jackson
4,4,amarr
12,7,nasc
0,3,desbloqu
1,6,viola
0,2,burg
9,9,adot
0,2,matu
0,2,xing
0,4,xing
5,4,lanc
1,3,termin
0,2,estagi
1,3,jimin
0,0,gost
6,6,alianc
0,0,tom
1,1,esfaqu
56,56,tir
0,2,harry
3,3,cont
7,7,viv
3,3,eleico
0,6,pai
0,2,katy
4,4,alis
71,71,tir
7,3,atac
0,0,delic
3,3,cop
3,5,viv
10,0,tent
0,2,l7
2,2,drog
1,3,fofinh
0,2,film
7,7,cobr
5,9,brig
1,2,cabela
0,0,chat
1,1,carec
4,4,rol
6,6,fur
0,1,andand
2,2,demit
1,7,prov
0,6,comig
1,3,constru
4,4,boa
9,9,xing
0,5,fofinh
0,1,cinem
9,9,peg
2,3,peix
1,2,dav
8,8,termin
0,3,luan
4,4,surt
7,10,roup
12,12,grit
3,3,vend
1,9,prim
0,2,rav
1,7,irma
1,2,elev
0,7,atras
0,8,dia
2,2,cont
0,4,tirotei
10,10,cheg
0,2,enem
3,2,pesso
0,2,bbb
0,30,cabel
1,1,merd
11,11,viv
0,1,guitarr
18,18,mensag
1,9,irma
6,6,aniversari
1,13,peg
1,1,comig
2,6,empreg
0,0,atras
0,5,cobr
0,2,celul
0,1,mess
0,0,cont
1,1,parqu
3,24,jog
0,4,ia
1,1,loir
1,5,lind
0,0,ser
0,5,saudad
1,25,conhec
1,3,process
2,10,fum
0,1,filip
1,4,sequestr
0,2,amant
21,1,tir
2,11,nev
16,16,cant
0,11,jog
1,1,lind
6,17,namor
1,1,cinem
21,18,namor
1,15,beij
0,0,apavor
11,3,cri
0,14,mensag
12,12,brig
0,2,prov
4,3,adot
0,2,mcdonald
3,1,lev
4,2,dia
0,0,rav
7,7,acord
5,5,receb
28,28,jog
3,4,limp
0,9,mat
8,8,volt
0,6,piercing
0,2,horari
3,9,amass
0,2,amarr
0,6,corp
1,5,ter
2,4,calv
22,17,namor
1,1,avo
1,7,trabalh
0,6,cigarr
7,3,vir
13,13,mat
0,6,bat
0,4,assalt
3,7,pint
1,6,com
0,5,cabec
0,0,horari
0,1,voav
0,9,brac
1,1,mcdonald
0,2,whindersson
2,6,irma
0,0,gustav
1,2,casal
1,2,pattinson
0,0,estrag
2,9,morr
7,2,cham
1,6,program
2,2,receb
2,2,lav
1,2,barb
1,18,morr
0,41,cas
0,17,morr
3,1,boa
2,7,namor
1,1,hogwarts
1,6,sent
23,23,fic
0,3,loucur
0,14,cabel
0,0,mama
0,2,agu
3,3,termin
0,4,feijo
10,11,assum
1,1,cruzeir
5,14,lanc
1,1,aniversari
8,8,tom
0,3,louc
3,6,atropel
0,7,projet
1,1,andar
3,3,cigarr
4,7,toc
1,1,acident
1,1,bieb
10,10,gatinh
11,11,cri
5,5,loir
7,4,mensag
0,0,voand
13,13,morr
0,3,connor
0,9,prov
12,12,pai
4,12,bat
0,11,cabel
1,1,fal
4,4,cancel
20,20,tir
0,3,cat
14,14,cheg
10,2,rol
0,0,cas
5,5,mat
0,6,vid
0,0,namor
0,1,rea
4,4,livr
4,8,fum
18,18,gent
9,9,viv
0,2,camara
0,3,depressa
12,12,fic
12,10,conhec
2,3,guitarr
7,7,gal
5,5,ouv
1,3,show
0,1,camil
4,6,comec
0,0,vid
1,1,bal
7,7,fum
4,1,film
0,2,fri
0,2,heter
21,21,par
0,2,rihann
1,1,nen
0,23,grav
2,2,cham
4,0,esfaqu
0,14,jog
0,11,beij
0,6,trafic
1,1,vid
0,2,xam
6,6,peg
0,0,apaixon
8,8,pod
3,3,beb
0,3,projet
2,5,dirig
4,0,acab
3,0,gost
1,4,faz
2,2,escol
0,1,casament
14,14,conhec
0,14,mat
4,4,tirotei
0,2,dev
3,3,celul
0,3,cred
0,1,tatuag
1,1,paralis
1,2,maril
0,5,celul
4,1,mor
9,9,flameng
0,0,anos
1,2,poz
1,1,vai
0,2,shelby
4,14,nasc
0,2,batman
0,7,horrivel
1,1,abrac
0,0,mud
0,3,mae
0,1,caf
0,6,lev
6,6,trabalh
11,11,gatinh
0,2,falt
2,2,tax
1,3,jackson
1,8,morr
11,11,quer
9,9,show
2,2,min
0,1,duba
1,2,prim
20,20,fic
10,0,tir
6,6,arrum
2,1,amarr
33,33,tir
1,4,brinc
0,0,jorg
0,0,caramb
0,6,lul
24,24,cabel
1,2,britney
4,4,program
3,14,boc
4,4,amo
0,2,lariss
5,5,cai
0,0,nasc
0,6,rol
0,3,cabel
0,22,grav
5,3,post
0,0,album
15,14,mensag
4,4,gost
6,6,horrivel
8,8,beij
0,4,perd
1,1,cont
3,3,acident
2,2,trans
1,3,segu
3,2,lanc
9,9,encontr
10,8,nasc
0,11,casament
0,1,matu
1,1,declar
4,9,celul
4,2,nasc
0,2,orelh
6,6,desc
0,0,brasil
1,2,lip
21,21,fic
0,0,dev
1,2,vontad
12,12,toc
0,1,mama
3,4,conhec
33,33,cabel
11,11,tra
0,11,sonh
0,7,lind
6,6,declar
30,30,trabalh
10,10,cas
0,3,post
2,2,engravid
0,0,achav
0,4,alianc
12,12,tra
0,0,carta
0,1,fer
1,4,irma
4,4,horrivel
26,26,jog
1,3,comec
3,3,saiu
0,9,chor
9,9,the
18,18,quebr
0,0,gil
3,3,sab
6,12,rol
0,1,ruiv
0,15,pint
2,2,tatu
0,19,morr
1,6,receb
5,8,chor
13,13,lanc
1,1,vontad
1,1,alegr
3,2,lav
3,3,tim
3,3,cabelinh
14,14,cabel
0,17,grav
1,1,bol
8,8,fiz
2,3,mor
0,1,particip
3,3,cort
10,10,comec
14,14,com
6,6,cant
3,3,amor
2,3,viaj
11,1,pai
0,1,sush
7,3,acontec
0,3,pesadel
4,10,aranh
13,13,convers
0,1,fern
1,2,xing
0,4,anitt
0,5,caf
3,16,beij
7,7,cort
1,7,sequestr
4,4,resolv
0,19,mat
5,2,chor
9,9,cham
0,2,recif
0,24,peg
4,4,formul
3,3,menstru
0,3,sept
2,2,fernand
7,7,xing
4,4,mot
5,5,flameng
0,1,janeir
1,1,famil
0,2,maldiv
0,0,rol
3,5,mat
6,6,aranh
7,7,projet
0,2,box
14,14,lev
0,13,ganh
5,5,sup
6,6,andand
0,3,acord
5,5,cuid
0,6,alianc
42,42,tir
4,3,segu
1,1,avia
0,28,conhec
1,2,luis
5,5,acontec
0,4,feir
0,25,namor
2,2,limp
2,5,livr
0,4,show
0,17,quebr
0,0,fal
3,3,fal
0,1,anos
2,2,juliett
2,2,louc
25,25,tir
4,4,ruim
2,4,desesper
0,2,gent
1,6,cachorr
3,3,mae
0,3,gent
2,2,process
2,2,cobr
2,2,pesadel
0,19,beij
3,3,convers
4,4,acab
1,2,jorg
1,11,coloc
8,8,maconh
1,8,seri
4,7,namor
1,3,nov
2,22,mat
1,0,cach
5,5,andand
1,1,xing
0,3,empreg
0,3,boc
0,0,olhand
33,33,cas
12,4,trabalh
2,2,nick
0,4,pern
3,3,cai
0,4,gostos
3,2,gost
0,0,ido
4,4,bat
1,1,ruim
2,5,comig
0,3,feit
8,8,pai
1,2,louc
24,24,ganh
0,0,gent
0,3,corp
1,1,apaixon
6,16,volt
2,3,pedr
0,2,cabela
0,17,lev
6,6,bot
2,2,professor
5,6,cigarr
0,7,mil
3,3,the
1,1,sup
5,5,empreg
3,3,projet
0,1,eleit
1,1,cheir
2,6,receb
1,1,tent
18,18,ganh
4,4,gatinh
0,0,surt
7,7,cant
6,6,cred
2,2,arrum
1,1,duba
3,15,ganh
2,2,traumatiz
20,20,cabel
8,8,flameng
30,30,tir
1,3,heter
0,12,gent
4,4,quebr
6,6,gost
0,17,quer
2,2,saiu
0,6,beij
1,3,cont
4,4,bal
5,5,mil
1,4,pes
0,3,gom
2,5,nov
5,5,atropel
0,2,mae
11,11,morr
0,0,jj
7,7,gol
3,3,carta
0,5,carta
4,0,alis
0,5,resolv
3,8,assum
4,4,feijo
14,14,tom
0,0,surt
5,3,atac
0,1,jk
9,9,nev
1,6,sinal
1,3,adot
0,0,covid
0,0,trist
3,16,trabalh
3,9,beij
2,5,abrac
1,4,coloc
1,7,pint
0,0,bot
0,3,ter
1,4,volt
5,6,abrac
3,3,turn
0,3,menininh
4,17,trabalh
9,9,beb
2,4,bol
6,3,basquet
1,3,filh
10,10,par
4,16,beb
72,72,tir
6,21,cabel
8,8,rol
18,22,mat
2,4,gatinh
3,3,lip
9,9,gol
0,2,conteud
0,11,dav
0,2,tatuagens
14,14,pai
5,0,esfaqu
0,0,rea
0,20,trabalh
0,0,gomez
0,1,maldiv
1,2,alis
0,12,ganh
3,5,ped
8,8,nasc
13,7,sonh
7,7,compr
2,2,parceir
0,15,beij
6,6,vest
0,9,boc
1,5,engravid
6,6,bal
7,7,maconh
1,3,vist
9,9,amig
0,0,lembr
1,1,unid
2,2,surub
2,5,fur
0,3,prim
0,5,gol
2,2,katy
2,4,ouv
4,4,mae
0,5,franj
0,2,ensin
0,0,caid
4,4,grit
1,0,perturb
0,4,andand
1,3,nick
0,0,tim
0,0,faz
0,3,brasil
2,4,comig
1,1,sonh
2,19,fic
3,3,nev
4,5,trafic
9,14,trabalh
0,2,pres
0,0,dad
22,22,ganh
2,2,tir
10,10,compr
16,19,grit
0,0,pedr
0,1,bols
8,8,amor
2,1,buqu
0,33,cabel
10,10,tim
1,1,matu
0,1,guerr
11,3,quer
0,3,dinheir
2,3,min
0,2,eua
22,22,fic
4,1,achav
1,9,tatu
0,4,elev
2,2,saudad
6,1,soc
4,4,encontr
1,1,covid
9,9,cheg
10,10,roub
4,1,engravid
2,3,sonh
1,1,lend
3,3,alegr
0,0,blackpink
0,13,dent
0,17,cabel
0,1,heartstopp
9,9,tom
65,65,tir
3,1,in
3,3,pastel
9,9,lanc
1,1,tash
1,3,horari
7,7,jog
1,8,amig
0,3,jesus
0,0,manu
1,1,swift
0,13,boc
2,2,quer
0,1,bar
10,10,morr
7,7,amig
4,28,tir
6,9,beij
6,6,gost
2,4,cant
0,3,cachorrinh
0,0,hamilton
1,1,gir
10,12,quebr
0,9,pod
10,10,cont
2,9,perd
0,2,portugal
9,2,bat
0,2,troc
8,8,piercing
2,2,sab
4,5,troc
8,8,brig
1,8,lind
1,3,dogg
5,5,cont
1,6,declar
2,2,conchinh
5,5,trans
0,1,cyrus
9,4,fal
1,1,tiktok
7,0,gost
0,0,sept
1,2,academ
1,0,par
5,5,corp
1,4,cobr
1,4,ganh
73,73,tir
3,3,cant
0,4,tip
1,10,filh
1,5,filh
14,14,ia
0,2,mot
1,3,dand
7,7,livr
0,5,orelh
2,2,esfaqu
1,9,dorm
0,11,adot
0,1,libert
1,9,fiz
29,29,cabel
1,2,harry
3,5,tra
3,3,madrug
2,19,namor
0,1,comig
0,0,lav
0,5,encontr
9,9,faz
3,3,xing
0,0,cigarr
4,4,franj
7,7,program
4,9,cas
0,7,libert
0,1,horrivel
3,3,min
4,4,loucur
2,2,eua
9,9,tip
12,12,prov
5,5,univers
2,2,boa
2,2,liv
2,2,sush
1,20,beij
9,9,dirig
0,0,brig
3,3,vid
1,10,dorm
2,9,livr
0,1,vasc
1,1,gostos
0,0,coloc
13,13,filh
5,5,maconh
8,8,cort
1,4,estimaca
2,11,jog
9,9,tent
18,18,bat
0,7,mensag
4,3,cinem
0,3,explod
0,1,kany
4,4,hor
4,4,dia
2,1,eleico
12,12,tent
0,3,atras
0,1,empreg
1,1,faculdad
3,3,carr
0,5,ruim
1,11,dent
2,0,limp
4,17,mat
0,4,fug
5,5,the
5,5,cach
6,6,cobr
5,5,fiz
3,13,casament
1,1,rihann
0,5,prov
3,0,surt
8,1,carta
1,2,glor
2,1,apaixon
3,3,gent
5,5,eleico
2,2,encontr
13,13,perd
25,25,ganh
10,10,segu
4,4,andand
0,6,cabel
0,22,cas
1,4,encontr
1,3,brasil
0,3,estrag
3,24,peg
14,14,morr
13,13,gent
7,7,atropel
0,9,dia
0,0,adot
2,2,acord
4,5,encontr
2,2,fez
1,1,film
4,4,cheir
43,43,tir
0,4,maconh
0,1,amament
0,1,onca
4,4,juliett
0,0,aparelh
32,32,namor
0,3,paraqued
0,2,cachorr
4,0,lav
0,18,pai
0,11,quer
0,0,traumatiz
2,7,sonh
5,17,adot
0,17,bat
0,9,beij
0,0,explod
0,1,hor
11,11,abrac
0,0,farof
0,0,demit
0,3,parceir
1,3,bah
0,2,elon
2,2,diab
1,4,feit
0,13,gent
0,2,cyrus
0,8,twitt
0,0,mor
0,0,diab
0,0,kids
0,1,cris
2,3,invad
4,4,gostos
0,7,gem
5,5,invad
1,1,dirig
1,1,jk
2,8,acontec
4,9,amor
13,13,fum
0,3,aparelh
7,7,andand
1,1,skat
4,6,cinem
8,1,twitt
7,7,dia
10,10,cabel
1,1,banh
5,1,rea
6,6,pass
0,4,mot
18,18,pai
8,8,bat
10,10,ganh
0,2,dent
0,5,lul
0,3,along
4,4,hack
16,16,dav
2,2,ido
1,1,ouv
1,5,andand
3,3,lug
1,2,oliv
0,10,ia
0,0,chap
0,1,massacr
5,21,cabel
1,5,piercing
19,19,mensag
1,1,sush
0,1,fug
1,1,caramb
3,3,tatuag
0,16,dav
5,1,projet
1,2,cheir
1,11,cas
3,3,pres
12,8,cri
1,1,min
5,5,ruim
0,0,cabela
0,2,lul
3,8,casament
0,21,cas
10,10,bal
0,1,indo
2,6,dorm
1,4,vap
0,0,bts
11,11,troc
0,1,selfi
4,11,fal
3,3,juliett
1,12,quer
0,17,brac
0,1,cat
3,3,casament
0,6,amig
1,5,the
5,3,roub
7,7,cuid
0,0,barriga
6,6,lul
0,2,direction
2,4,piercing
6,6,flameng
0,6,aniversari
3,13,ganh
4,4,sorvet
10,10,tatu
10,18,pass
1,1,the
1,5,feijo
0,1,deolan
3,3,parceir
18,18,cant
4,7,brig
0,1,gustav
4,30,cas
1,1,mud
6,6,particip
3,2,amass
3,6,pass
0,3,burg
4,4,real
9,9,quebr
1,1,demit
0,6,turn
1,1,dent
5,26,beij
0,0,abrac
3,3,entrav
1,1,mor
0,0,onlyfans
0,3,sortei
9,9,bal
0,5,mud
0,2,janeir
2,4,mae
4,4,sept
2,2,procur
1,1,grit
0,8,grav
0,0,heartstopp
18,18,pass
2,2,feijo
9,9,livr
0,3,pavor
3,3,maconh
0,2,assalt
8,8,arrum
5,19,amig
0,1,desej
0,21,grav
2,2,sup
2,2,ex
9,9,lut
0,1,tip
0,3,sup
0,12,fal
1,2,felip
0,2,vest
0,2,lembr
0,2,alis
0,6,quebr
4,4,odi
0,3,barbi
2,2,segu
1,2,kids
4,3,brig
0,2,paralis
2,3,quer
3,3,alianc
4,4,mat
0,8,morr
0,2,gom
2,2,faculdad
0,8,dent
2,2,trafic
0,3,futebol
0,6,dorm
1,1,posit
2,2,album
7,9,gent
10,10,tip
9,9,compr
0,3,mcdonald
0,1,oroch
10,5,cobr
0,1,conchinh
3,2,mil
0,1,dirig
3,12,convers
0,5,enem
0,3,gat
4,11,pint
10,10,bol
1,1,prim
4,4,louc
0,4,fest
8,8,comig
4,4,pint
4,5,camara
2,11,pes
0,2,skat
8,8,troc
2,2,bat
1,23,fic
2,2,mat
2,2,enquadr
12,2,pint
3,7,ganh
0,0,kindl
0,13,dia
10,10,casament
0,6,compr
14,14,pass
0,2,mcfly
6,6,fez
3,9,tatu
3,4,bal
2,2,dougi
4,2,chor
2,2,pist
4,4,elev
1,4,vizinh
0,0,prim
5,5,pint
0,5,pedr
1,2,cair
0,2,gusttav
1,1,vid
2,2,brux
3,1,corinthians
4,5,fal
3,7,bat
0,3,piercing
6,6,esfaqu
0,5,mat
1,4,tatuagens
4,4,morr
1,4,fiz
1,6,brac
0,5,fic
3,3,dorm
6,6,assum
0,1,bol
3,3,alis
7,7,par
5,6,morr
0,7,vizinh
0,4,sinal
0,9,aranh
0,2,entrav
0,4,futebol
0,1,avo
1,1,soc
0,18,gent
0,0,box
7,7,lev
0,5,aniversari
0,0,cor
11,1,cant
4,2,acident
0,0,jog
4,4,tir
0,7,casament
3,4,futebol
0,5,quer
12,12,trabalh
0,3,avia
0,0,xam
17,19,ganh
10,5,adot
20,20,amig
1,12,chor
6,6,comig
3,3,p
11,11,cabel
9,9,pai
3,3,cham
0,7,menin
2,22,jog
0,0,sinal
3,3,desc
0,2,rol
2,2,mor
7,7,grav
0,5,show
1,2,massacr
2,2,film
2,5,sonh
1,1,burg
2,3,arrum
2,2,ruim
1,5,brasil
1,4,nov
6,6,encontr
1,5,trafic
0,6,rihann
14,14,fum
1,1,ped
1,1,termin
0,0,felip
0,2,cair
0,6,trabalh
3,3,lev
16,0,par
2,3,bol
2,7,roub
1,1,horari
7,8,beij
0,5,pai
2,2,projet
3,3,pra
0,3,gal
12,12,namor
1,12,filh
4,4,cai
0,0,neym
1,1,gusttav
0,3,bbb
10,10,post
2,5,troc
2,1,box
7,7,mud
1,9,morr
12,12,lut
0,2,lou
2,2,colic
5,15,boc
0,5,piercing
5,1,chat
8,8,mud
0,10,bol
20,20,peg
4,15,bat
1,4,lev
4,4,aranh
13,13,brig
0,0,matu
0,1,tatuagens
3,3,formul
11,11,par
3,3,jk
4,4,perd
2,3,brig
7,7,cham
1,1,camara
2,10,namor
2,2,post
13,13,quebr
3,3,piercing
8,8,encontr
4,6,buqu
0,3,carta
0,1,mend
0,1,boz
12,12,cheg
2,2,cinem
0,14,brac
1,1,amig
4,4,cham
0,8,trans
0,0,dia
4,5,sortei
0,7,saudad
10,10,troc
0,1,usand
0,1,dand
1,2,fer
0,0,tatuagens
0,2,feir
0,1,mbapp
0,3,drog
0,1,jesus
3,3,famil
15,15,peg
0,5,surt
7,7,beij
4,4,termin
0,0,loir
3,3,tranc
0,0,vez
1,10,cas
1,2,ter
10,10,nasc
5,5,pres
1,1,sequestr
10,10,lev
10,10,tom
8,8,bot
13,1,cant
4,4,sortei
1,1,vir
0,0,hack
1,1,apavor
5,5,volt
0,1,covid
0,6,tatuag
0,4,cham
0,2,lind
0,15,mensag
0,4,mbapp
0,3,roub
0,1,boc
7,7,nov
1,1,espanh
1,2,agui
9,9,explod
41,41,tir
10,5,mat
0,4,ido
5,5,convers
1,1,elev
0,0,dougi
1,7,jog
1,4,mil
1,6,sequestr
1,2,janeir
0,0,lanc
14,14,filh
3,3,fum
0,0,duba
3,1,fez
2,2,rihann
17,17,peg
0,4,cabel
0,2,elev
0,0,casal
1,1,anitt
1,4,cabelinh
0,0,quebr
17,19,pai
3,4,encontr
2,2,madrid
2,2,menininh
2,2,florip
0,4,p
8,3,quer
5,5,troc
0,0,tranc
1,1,tim
0,5,andand
2,3,cop
8,8,fur
3,3,selfi
3,1,eleico
4,24,com
7,7,namor
28,28,cabel
2,2,gost
3,4,dirig
3,2,ric
0,0,amo
1,1,bas
1,5,troc
2,3,loir
2,13,com
0,0,horror
1,28,jog
0,3,horror
0,5,empreg
2,6,beij
0,0,cham
0,0,cabelinh
5,5,cachorr
7,27,conhec
2,2,hack
0,2,barriguinh
0,2,surub
0,10,atac
1,2,dogg
0,3,hogwarts
5,19,lev
14,14,namor
7,7,desc
2,2,academ
1,1,louc
0,4,dent
9,9,cas
0,1,colic
0,7,the
15,15,grit
1,4,grit
3,3,nasc
17,17,conhec
1,3,lind
1,3,piercing
8,20,quer
1,2,cabec
0,6,fum
1,1,lembr
1,4,pesso
1,2,lend
4,4,agu
2,6,tra
2,2,onlyfans
17,17,mensag
7,7,segu
0,2,kany
0,3,mess
0,0,saind
2,2,anos
1,1,cobr
7,7,pint
0,5,declar
0,1,horari
6,6,vizinh
0,10,gent
0,10,gem
2,1,bail
0,2,lend
0,15,ped
8,8,cobr
0,5,gatinh
0,0,turn
4,5,quer
4,4,xix
0,3,rainh
2,3,cinem
11,11,tip
0,4,corp
0,4,vap
0,3,convers
0,1,ser
4,4,tranc
0,2,hom
7,7,trabalh
0,4,entrav
5,5,prov
7,4,volt
0,3,feijo
2,15,beij
1,27,beij
2,2,amass
8,8,chor
0,3,repreend
4,4,trabalh
2,2,horrivel
0,7,empreg
1,2,farof
0,0,particip
16,16,com
2,8,chor
2,7,brinc
1,4,atropel
2,3,faz
6,6,louc
0,3,viaj
1,1,recif
7,7,dirig
3,3,ped
3,4,brinc
2,3,atras
13,13,fal
0,2,libert
0,2,onca
0,4,louc
5,4,viv
4,0,tir
8,8,atropel
1,0,acord
0,2,papa
0,1,horror
0,8,gent
0,3,lut
0,9,volt
1,3,gatilh
3,3,bols
1,30,namor
15,15,adot
0,0,grav
10,10,loucur
0,0,pern
0,0,surub
2,2,turn
1,1,barb
2,0,ped
0,2,gol
2,2,jk
1,16,mensag
0,1,barb
0,7,lul
7,5,troc
1,4,conhec
0,2,buqu
4,3,apaixon
0,4,volt
2,2,gal
1,5,achav
0,1,prov
5,6,beij
0,2,vid
3,3,tent
1,3,brig
1,1,chap
0,2,unid
1,1,maril
1,11,quer
1,3,enem
2,2,madrug
0,0,flor
1,8,ex
1,3,conchinh
1,1,poz
6,6,nev
0,3,pai
0,2,conchinh
0,1,bail
3,3,katy
1,4,azul
7,7,bar
1,2,fern
2,7,faz
16,16,peg
5,5,grav
0,3,nen
0,0,janeir
2,13,brac
3,23,jog
0,1,ruim
4,4,amass
0,36,cabel
2,3,feit
0,2,banh
11,11,beij
6,6,surt
2,13,abrac
1,2,ric
13,13,peg
7,7,arrum
4,10,namor
12,12,peg
3,3,along
0,0,quer
1,3,tiktok
2,1,calv
0,1,hamst
0,1,bolsonar
2,5,namor
2,2,desc
5,5,gatinh
0,6,cheg
29,29,namor
0,2,alianc
3,22,conhec
0,6,irma
53,53,tir
5,5,celul
0,12,sonh
8,8,seri
2,2,dor
3,3,flor
4,3,cachorrinh
8,3,gol
9,19,mat
11,11,pass
4,3,atac
0,0,mosc
5,1,cachorrinh
0,0,enem
22,22,quer
0,19,grit
0,13,casament
10,10,faz
0,2,filip
0,10,jog
4,4,ganh
2,2,aranh
1,1,gatinh
0,4,faz
13,13,beb
6,6,viaj
1,1,cocain
1,10,prim
1,1,lip
10,8,beij
1,31,cabel
0,7,caf
0,0,parceir
7,14,encontr
0,0,pastel
4,6,pass
0,14,peg
0,4,tiktok
0,1,coruj
0,4,mosc
0,8,abrac
0,3,eleico
3,3,cancel
5,5,cred
0,2,parqu
0,8,maconh
20,20,cas
0,11,filh
0,1,odi
0,0,entrav
0,8,pass
0,1,lend
0,0,univers
1,1,noiv
1,10,boc
2,5,odi
3,6,amor
0,12,chor
11,11,ia
0,3,twitt
0,9,celul
1,1,projet
0,12,dent
0,7,sortei
0,3,anitt
0,8,chor
5,5,dor
3,4,cant
17,17,com
2,2,namor
3,12,gatinh
0,5,tatuagens
0,2,jad
0,0,formul
0,4,jog
3,3,segu
0,0,toc
0,0,cachorr
12,4,mat
0,1,fest
2,6,adot
2,4,cuid
0,2,avo
3,11,tatu
42,42,cabel
10,10,feit
1,3,buqu
0,2,indo
0,1,kyli
1,1,eua
5,5,ganh
0,12,pod
12,5,pod
2,2,fug
0,5,tax
9,0,post
12,12,tir
0,5,cas
0,10,boc
6,4,maconh
9,9,mud
0,4,terror
0,0,tra
2,2,cruzeir
2,9,roup
5,5,dorm
10,10,beij
15,15,quer
1,3,acontec
0,0,tartarug
3,3,ia
21,21,cas
3,3,tom
11,1,cham
1,1,carr
7,7,vizinh
1,3,burg
1,1,sab
22,22,tir
1,1,mbapp
0,0,ric
5,5,viv
0,2,tash
6,6,fum
1,3,rihann
0,2,k
4,4,cach
0,2,album
5,5,conhec
0,1,unid
0,16,cabel
3,0,tent
11,11,peg
0,0,viv
1,2,blackpink
3,3,pod
0,1,normal
1,4,gent
3,3,vap
0,3,socorr
1,0,gost
16,16,pass
1,1,surub
17,3,com
0,4,amor
0,2,traumatiz
0,0,dogg
5,5,jog
5,5,noiv
0,8,irma
5,5,hom
0,1,carta
0,2,guitarr
1,1,cinem
1,1,hamilton
0,8,tim
0,2,vap
0,1,show
0,2,amo
0,4,cheir
21,21,gent
0,2,fiz
3,3,trafic
11,11,feit
0,8,empreg
0,0,bat
5,5,com
0,6,celul
1,4,livr
3,17,pass
0,16,coloc
6,6,gatinh
4,13,namor
3,14,dent
1,3,ido
1,6,gent
0,3,trans
4,4,cabec
1,4,espanh
1,4,gem
3,3,real
2,2,flameng
0,7,namor
10,10,toc
0,1,sept
7,7,vir
0,1,pai
0,21,gent
1,1,sent
3,3,desped
2,5,vir
3,3,loir
0,1,onlyfans
3,6,ganh
0,16,gent
0,0,hom
0,1,golden
0,5,brac
0,1,camara
0,0,fri
10,17,namor
4,4,soc
0,7,andand
1,2,diab
2,2,trist
1,1,golden
18,18,par
0,9,viaj
0,1,aranh
2,5,trans
4,3,vir
1,3,apaixon
8,8,aranh
11,11,fum
0,2,crossfit
17,4,cant
2,4,acord
0,29,cabel
2,13,sonh
4,4,roub
0,7,beb
5,7,filh
0,3,ruim
0,2,mor
9,9,roub
1,21,mensag
1,1,brac
2,4,tiktok
4,5,tom
4,4,brinc
16,26,beij
0,4,desesper
0,32,cas
20,20,grit
5,5,hor
10,10,cri
0,31,cas
0,1,britney
7,7,cai
5,5,fur
1,3,aranh
0,13,amig
40,40,cas
6,6,receb
1,2,lembr
1,2,vasc
2,2,estagi
0,0,cop
4,4,quer
0,6,fic
3,3,pes
0,1,tash
5,27,tir
38,38,tir
3,4,nov
3,3,chov
0,1,mor
7,7,gost
1,9,declar
0,1,assum
5,7,pint
0,8,mot
2,14,brac
2,5,ped
4,4,vid
22,22,peg
0,5,cabel
2,2,famil
5,3,peg
0,0,lug
5,0,pint
1,1,janeir
1,3,rav
2,2,jog
1,1,program
15,15,cas
5,5,lind
0,0,cri
14,6,lev
1,1,compr
0,3,cabec
13,13,nasc
3,0,alis
0,17,cas
0,0,posit
8,8,perd
1,5,enquadr
0,4,dinheir
31,31,tir
12,29,tir
2,13,beij
3,2,soc
5,5,tim
1,1,usand
5,3,vid
5,5,menstru
0,2,draga
0,2,socorr
1,1,cred
0,2,vez
1,7,viaj
2,5,surt
2,6,sorvet
3,7,pesso
0,4,formul
1,2,lav
4,10,lut
1,17,grit
1,9,volt
4,4,menininh
0,0,futebol
4,4,vir
24,24,com
1,1,gustav
0,7,silicon
0,9,flameng
0,1,luis
1,3,ruiv
4,4,pod
2,4,tatu
0,2,comig
3,9,volt
1,5,assalt
2,3,onca
10,10,atropel
4,4,toc
5,4,amor
2,26,jog
3,3,cheir
15,15,ia
2,2,tatuag
0,9,vid
3,3,futebol
0,3,quer
1,1,mat
0,2,desbloqu
26,26,cas
0,1,cocain
3,3,gem
0,5,aparelh
0,4,rainh
4,4,jimin
0,2,grec
3,3,livr
1,4,comig
1,1,guitarr
0,0,amant
2,14,cri
0,12,nev
0,8,show
1,1,britney
6,6,nov
1,5,amig
0,5,maconh
0,9,troc
6,6,hack
2,2,fal
4,7,bat
0,3,amor
0,6,bar
0,2,cuid
4,4,namor
0,1,blackpink
3,3,bot
6,3,prim
10,10,pai
1,3,mcdonald
1,1,cabel
3,3,pesso
0,6,corinthians
0,2,mama
6,8,sortei
11,11,tent
7,1,mat
9,9,tra
3,3,lembr
9,9,vid
9,1,carta
0,4,l7
0,0,franc
4,4,troc
1,1,explod
9,14,fum
0,0,twitt
0,0,bal
11,11,beb
1,1,tranc
0,5,azul
0,11,feit
8,8,viaj
4,4,ter
4,4,cigarr
1,1,ganh
2,5,menininh
1,1,pattinson
0,6,boa
3,12,cabel
10,10,cort
5,5,parceir
0,0,malh
0,1,loir
0,9,tip
0,3,min
10,10,trabalh
1,2,katy
0,1,carr
25,13,cabel
4,4,bols
9,9,viaj
15,15,com
0,1,posit
1,1,twitt
4,4,ric
0,0,process
2,4,post
13,11,bat
0,10,pai
2,2,tranc
0,11,tir
1,2,crossfit
0,4,cachorr
0,7,amor
37,37,cabel
0,2,apocalips
0,0,declar
0,1,lul
9,9,boc
4,4,pra
10,10,pass
0,4,mensag
0,5,viola
6,6,coloc
2,9,volt
0,1,feir
5,5,feir
0,5,nev
11,11,sonh
3,4,ia
0,0,unha
15,18,fal
10,10,adot
23,23,jog
8,8,gem
4,0,cont
0,26,grav
2,3,com
0,16,mat
2,2,hamst
1,5,fal
0,1,sent
5,5,bot
0,4,carta
1,4,amig
2,0,tent
0,2,pattinson
1,2,ido
0,1,gomez
2,8,dorm
2,2,cabel
1,1,andand
0,7,twitt
1,1,sinal
2,4,vid
0,0,voav
5,5,tax
1,2,adot
5,5,fest
0,3,peg
0,8,ex
0,0,escol
3,4,ganh
0,2,barriga
0,6,cuid
1,5,encontr
9,3,prim
4,4,malh
21,21,grav
0,0,faculdad
5,5,box
0,8,casament
0,7,fiz
0,2,tip
14,14,cri
13,13,mensag
6,6,brac
0,4,selfi
3,2,jesus
1,1,process
0,10,show
1,1,estagi
0,0,roub
7,7,viaj
4,4,cas
60,60,tir
2,2,cred
6,2,lanc
0,9,silicon
1,3,cat
9,9,ped
5,5,atras
11,2,gost
5,5,segu
9,2,termin
1,4,fal
2,1,mae
1,1,surt
2,19,ganh
1,1,box
2,2,unha
0,1,pastel
25,25,cabel
8,8,conhec
0,3,dia
1,1,vist
2,20,beij
5,5,soc
0,1,flameng
1,2,cheg
1,1,oliv
1,1,conhec
2,2,disney
1,3,louc
5,11,boc
0,0,fug
0,12,dia
4,4,hom
2,2,rio
1,4,diab
0,1,elev
2,0,post
12,12,volt
0,4,tent
0,4,aranh
5,5,boa
4,4,flor
0,3,celul
3,4,mosc
0,7,aniversari
0,0,resolv
1,1,bar
0,6,amor
0,1,burg
7,7,cigarr
2,2,ia
3,3,desbloqu
0,4,lul
0,10,fur
0,3,mosc
2,2,pint
0,4,sup
3,3,univers
0,1,cant
7,7,show
2,7,casament
4,4,loir
3,2,cigarr
2,2,bot
0,2,sortei
5,6,rol
48,48,tir
1,5,atropel
67,67,tir
7,7,bot
15,15,namor
12,12,filh
0,4,gem
0,8,projet
0,6,flor
1,10,quer
0,6,mensag
0,0,eleit
8,8,peg
0,3,sobrinh
0,0,fur
0,2,grav
5,2,irma
0,16,peg
7,28,conhec
4,4,tax
3,9,prov
40,40,tir
1,3,album
0,8,film
4,4,min
0,2,malh
6,2,desc
2,3,apaixon
3,5,pes
17,17,gent
1,2,mcfly
1,3,clon
0,3,perd
5,2,estagi
0,0,prov
0,0,indo
14,14,par
2,2,prov
3,4,cigarr
1,1,hamst
3,3,perturb
1,0,clon
2,1,dirig
0,2,guerr
0,2,franj
0,5,hom
0,0,tent
2,0,clon
0,4,guitarr
2,5,cort
6,6,chat
23,23,peg
1,2,cuid
1,1,basquet
7,2,amass
12,4,beij
0,4,the
1,1,fug
8,8,mensag
1,1,fernand
4,0,gost
0,3,rav
0,11,mensag
0,11,lut
4,19,volt
0,3,prov
0,2,fez
4,4,cachorr
1,1,troc
1,1,cort
8,8,tatu
3,3,brinc
0,1,chat
2,2,univers
8,8,fic
19,19,cas
0,2,feijo
1,26,cas
4,4,cant
13,6,par
3,11,bat
21,21,bat
1,1,horrivel
12,12,morr
0,1,elit
4,4,lanc
5,5,fic
0,2,academ
10,10,assum
19,19,trabalh
0,5,rea
1,3,luan
2,8,atac
9,28,beij
1,3,connor
2,13,convers
5,5,pesso
0,13,grav
1,5,adot
0,2,nev
0,4,mat
4,4,cred
1,6,brig
4,4,fest
6,8,cri
1,1,kids
0,8,comig
9,9,bol
4,4,brig
0,3,escol
6,6,dent
0,2,eleico
1,2,bat
0,2,vi
4,2,pint
2,12,amig
5,5,lev
3,2,estagi
0,26,conhec
0,0,acontec
0,3,pra
1,1,bts
3,0,in
0,0,convers
2,1,fest
2,2,convers
11,11,pes
1,1,peix
1,1,diab
2,12,fal
4,4,cop
2,2,desesper
4,4,casament
0,1,eleico
0,0,pra
4,4,desped
5,2,pint
8,2,hack
4,4,twitt
1,13,nasc
0,0,celul
0,0,gol
0,0,invad
2,2,lug
1,2,skat
4,4,vend
3,2,cheir
3,0,lou
3,3,namor
7,6,convers
4,8,bat
0,0,perd
2,2,buqu
11,11,convers
0,4,cabec
0,9,carta
0,11,fal
2,4,selfi
0,0,tip
6,6,gent
4,4,fic
9,9,odi
5,5,xing
5,5,horrivel
16,16,cas
0,19,namor
0,3,andand
1,4,ruiv
0,0,gusttav
1,3,liv
12,12,quebr
3,15,peg
8,8,beb
7,7,gent
0,4,lend
11,11,fic
1,4,falt
8,8,cri
8,8,horrivel
0,9,mensag
0,3,lia
0,3,amament
2,3,estimaca
8,14,cheg
5,5,libert
4,4,invad
0,2,show
14,14,sonh
0,9,amig
11,11,cont
0,3,selfi
0,2,now
1,1,mess
0,4,tatuagens
0,8,sortei
2,2,roub
0,5,univers
1,7,lind
1,10,pint
4,4,menin
28,11,cabel
19,19,cant
2,2,bah
5,5,elev
0,8,vid
0,3,faculdad
16,16,adot
11,11,cant
0,2,sequestr
1,3,flameng
0,0,desped
0,1,cabela
1,1,mai
0,0,vizinh
2,16,peg
5,5,pod
1,1,vi
0,6,futebol
6,6,viv
0,6,pesso
0,0,show
1,1,narut
1,5,dorm
0,27,grav
6,8,gatinh
0,4,cigarr
1,4,jog
7,7,com
0,0,seri
0,2,anos
1,1,lia
0,4,agu
14,14,perd
0,15,cas
0,3,fic
2,5,conhec
0,7,film
5,5,saudad
3,3,assum
8,8,projet
0,0,paralis
0,6,cachorrinh
9,9,coloc
7,7,gatinh
5,2,soc
1,2,assalt
0,1,dogg
2,2,paul
22,22,cabel
6,3,roub
6,6,cach
9,9,hack
1,2,saudad
11,2,rol
0,0,glor
7,7,tir
7,7,lut
2,2,cas
1,7,bols
0,1,aparelh
1,1,along
9,9,seri
8,8,pass
0,5,bolsonar
0,2,desej
0,1,glor
0,8,flameng
0,0,lev
0,6,roup
0,2,noiv
4,6,cabec
1,9,lut
0,2,cruzeir
0,1,now
0,0,avo
0,0,terror
2,2,l7
2,2,troc
0,1,turn
1,1,bac
0,0,vasc
1,2,direction
17,17,quer
11,11,pint
0,5,camara
0,2,jj
9,9,post
50,50,tir
5,5,cachorrinh
0,3,casament
4,3,convers
1,1,convers
0,4,grit
1,2,jesus
0,5,gat
0,10,dav
9,9,cabel
1,1,sorvet
6,7,tir
0,9,aniversari
21,11,tir
4,4,gat
1,1,barriguinh
0,4,corinthians
0,1,heter
0,2,saiu
2,2,saind
2,1,panic
4,5,mat
2,2,dia
0,4,sortei
5,5,abrac
28,3,cabel
1,1,nick
0,0,granda
5,5,twitt
11,11,com
10,10,receb
4,4,tip
0,5,hor
5,5,gent
0,0,assum
0,4,socorr
2,2,pastel
9,9,quer
0,3,gem
1,1,l7
0,2,ter
7,0,vid
2,18,amig
1,1,cabelinh
11,3,fic
12,4,amig
0,0,vid
0,5,casament
0,5,bols
6,6,corp
2,2,lembr
69,69,tir
0,7,pai
5,2,bols
7,7,cheg
0,5,loir
0,1,pedr
2,2,dav
8,8,abrac
0,2,golden
1,1,formul
0,1,del
0,0,tel
7,7,vest
0,0,constru
1,3,harry
1,11,pod
10,10,sonh
6,4,prov
4,4,enem
3,7,tir
3,9,gal
1,2,celul
3,3,rol
3,3,fez
1,1,atropel
2,5,pedr
9,6,cham
1,3,trans
3,5,encontr
6,6,cachorrinh
17,17,par
1,5,saudad
0,5,ric
3,4,fug
0,1,oliv
19,19,par
4,4,pern
4,8,pod
4,4,com
6,4,show
14,14,brig
0,0,fest
0,9,brinc
0,5,troc
3,3,sequestr
0,0,elev
0,2,process
7,7,dorm
7,7,tom
2,6,toc
2,0,surt
1,1,pres
7,15,ped
7,4,brac
1,1,repreend
7,3,pod
4,1,tir
0,20,mensag
3,3,menininh
1,1,saind
1,8,ganh
1,1,pastel
2,2,noiv
1,1,pern
7,7,declar
2,2,twitt
2,2,alegr
4,4,viaj
1,1,felip
0,0,piolh
1,2,entrav
3,3,sortei
18,18,cas
0,1,nen
2,2,silicon
1,5,fur
6,0,tir
0,3,dogg
7,7,mil
4,6,ped
2,8,amig
1,8,fum
3,3,saudad
2,12,ganh
0,0,guerr
0,0,drog
1,5,abrac
0,1,instagr
0,11,cheg
2,2,cheir
0,1,dinheir
2,1,ruiv
6,21,jog
1,3,golden
15,15,pass
17,17,jog
5,5,aparelh
9,9,irma
15,15,fal
5,5,ia
5,7,tatu
3,3,tirotei
0,6,atras
0,10,tip
2,6,fic
4,4,beij
12,12,dav
3,7,toc
0,2,tirotei
0,2,rea
8,1,tir
0,5,cred
1,1,cor
6,6,atropel
4,4,arrum
5,5,termin
0,5,boa
1,18,beij
24,24,namor
3,3,posit
0,12,dav
0,7,cigarr
4,4,gent
27,27,trabalh
19,19,bat
0,0,amig
3,3,cheg
0,0,corp
5,5,menin
0,1,sinal
1,1,beij
0,0,segu
0,2,pavor
17,17,beij
5,5,tent
4,35,tir
1,1,pesadel
1,9,brig
16,16,pai
4,5,acab
0,1,neym
15,15,bat
0,1,connor
3,3,grit
0,3,dent
0,4,mil
3,0,tir
21,21,jog
0,3,the
38,38,cabel
0,0,algu
0,0,franj
4,4,sush
4,4,gal
0,8,fum
5,5,fofinh
1,1,eleico
2,22,peg
2,11,convers
1,18,namor
3,6,gent
2,2,casament
0,3,conchinh
3,7,trans
2,5,brac
5,5,bolsonar
20,20,trabalh
17,17,dav
4,4,bolsonar
3,4,fal
0,1,juliett
11,11,assum
1,8,trabalh
7,7,toc
0,3,fofinh
1,7,corp
1,3,irma
1,2,sequestr
6,2,rol
18,18,grav
18,18,trabalh
5,5,quebr
5,5,cinem
0,2,cigarr
0,0,dor
1,7,vid
23,23,beij
5,5,sent
1,17,lev
0,17,dav
3,3,resolv
0,8,brac
0,0,britney
1,3,pod
0,0,bols
0,2,massacr
17,17,cabel
0,3,noiv
1,2,brac
1,5,roup
10,10,coloc
0,2,drog
1,1,cri
5,1,particip
1,1,gal
0,2,futebol
9,9,beij
5,2,perturb
4,20,mat
13,13,cri
2,2,dorm
2,2,estrag
12,12,nasc
5,5,cheg
0,7,ia
7,4,encontr
1,3,gostos
7,7,fofinh
0,7,dav
2,11,tir
1,1,cop
1,11,beij
3,3,jog
0,1,estagi
24,24,tir
0,2,peix
2,9,gal
2,2,dent
1,3,pres
4,4,dent
2,7,tatu
4,4,repreend
0,3,entrad
1,1,alianc
0,1,vez
1,1,particip
11,3,com
0,9,gent
0,1,poz
1,3,saudad
5,5,adot
0,0,famil
3,3,corinthians
2,5,viv
0,3,unha
4,1,sup
4,4,real
4,3,trans
1,2,lariss
0,0,barrig
1,4,cop
25,25,beij
0,6,grav
0,0,cheg
5,18,grit
9,9,loucur
7,6,comec
0,7,sonh
13,13,grit
0,4,ruim
6,6,lev
0,1,panic
1,2,banh
0,1,gusttav
1,1,granda
0,3,film
0,2,entre
0,2,elit
1,1,gost
1,1,ric
1,1,heartstopp
1,1,menstru
2,2,calv
0,0,sal
0,1,jad
3,3,cas
15,12,com
25,25,com
0,6,tim
12,12,sonh
0,0,orelh
1,4,selfi
1,1,saudad
9,9,acord
1,3,menin
7,7,beb
11,11,pod
1,6,morr
14,24,namor
2,2,bac
0,4,assum
1,1,rol
7,7,post
0,6,show
3,3,paraqued
6,0,post
3,3,cabel
2,11,tra
0,0,angel
0,2,silicon
8,8,tent
5,5,dav
0,0,l7
1,1,pint
0,1,fernand
1,10,namor
2,4,coloc
0,4,aniversari
7,7,prov
2,4,lev
14,14,gent
3,1,pesso
6,6,box
28,17,cabel
2,2,acab
3,14,morr
0,2,cabelinh
8,8,cuid
2,2,faz
2,2,cigarr
8,6,tatu
5,9,cas
0,9,grit
10,10,filh
0,0,fernand
0,0,mess
4,4,carta
4,4,lav
0,0,eua
0,0,espanh
2,3,demit
0,0,dorm
7,7,cont
0,0,misericord
0,18,cabel
0,0,assalt
0,0,barb
0,2,cinem
4,4,nen
0,10,amig
4,2,bat
9,3,quer
6,6,fiz
1,2,angel
9,9,receb
2,8,particip
4,4,fur
0,2,dinheir
0,6,flameng
0,14,ia
0,4,azul
0,0,trabalh
2,3,odi
4,1,agu
2,4,cai
0,5,feit
13,13,ganh
0,2,pai
0,0,cred
0,4,encontr
11,11,post
0,12,convers
4,4,rea
0,0,noiv
0,1,constru
4,4,basquet
0,3,brig
0,5,barb
0,9,amor
0,8,cri
1,1,mama
0,0,horrivel
0,4,academ
1,1,unha
0,26,com
1,1,beb
0,0,tash
21,0,tir
0,2,carec
3,3,gatilh
14,14,fal
0,3,formul
1,2,dor
0,0,cort
6,6,brig
4,4,adot
0,15,perd
0,1,felip
6,12,casament
0,3,franc
59,59,tir
14,14,coloc
6,6,xing
8,8,desc
1,9,compr
1,1,coloc
0,3,feir
7,7,convers
8,4,lev
1,1,franc
7,7,tip
1,4,filh
0,3,tranc
16,16,amig
2,2,lut
6,6,fic
9,9,lind
4,1,mess
5,5,cancel
0,0,hamst
25,25,jog
0,18,fic
11,11,vir
0,5,perd
6,6,mat
0,1,entre
0,0,agu
0,2,ajud
2,12,pass
0,15,pai
11,11,gost
4,4,apavor
5,5,tir
0,2,bah
1,2,corinthians
0,10,atropel
5,3,receb
5,5,cinem
4,4,sab
13,4,beij
6,6,chap
0,2,espanh
1,1,pes
2,2,ocul
0,25,ganh
4,4,prov
2,7,buqu
0,2,depressa
1,14,adot
1,3,espanh
7,0,acord
1,1,tatuagens
2,1,madrid
2,2,vir
0,3,horari
4,2,nev
4,4,assum
0,1,paralis
3,3,orelh
11,11,surt
0,41,cabel
23,23,cas
2,10,amig
1,0,lou
0,2,kids
5,9,prov
3,3,caf
1,1,receb
0,6,sinal
3,3,tax
0,3,show
0,13,mensag
3,3,pesadel
12,12,gent
7,7,noiv
5,5,chor
0,0,real
0,0,portugal
5,5,enquadr
0,1,univers
0,5,estagi
1,6,beij
7,7,engravid
46,46,tir
3,7,atropel
4,4,fofinh
6,6,namor
1,1,roup
2,16,fic
0,0,paraqued
1,2,troc
0,2,misericord
10,10,gent
0,0,sortei
3,3,sal
1,2,ser
0,2,colic
2,2,fic
4,4,papa
17,17,amig
5,9,cabel
13,13,beij
4,4,trist
2,1,cant
28,28,tir
1,1,seri
2,9,namor
0,3,cabelinh
0,5,album
4,4,engravid
2,17,amig
0,7,min
1,1,churrasc
1,6,segu
28,28,trabalh
4,4,pes
4,14,abrac
10,10,abrac
0,0,ensin
1,1,franj
2,3,bal
8,8,assum
0,7,carta
12,5,perd
0,1,azul
0,1,bts
4,6,adot
4,4,chov
6,6,soc
0,1,paul
0,5,odi
2,2,lou
1,9,brac
12,1,tir
0,1,franj
1,6,bolsonar
3,4,coloc
5,5,cabel
0,6,tra
9,9,cuid
1,1,filh
3,3,pedrinh
4,4,ido
0,0,fumant
1,1,assust
0,2,henriqu
0,2,disney
3,3,cobr
0,4,jk
3,3,empreg
2,0,desesper
0,3,adot
8,8,surt
8,8,cabel
1,7,sortei
4,4,projet
0,7,gal
2,2,ital
3,5,sept
52,52,tir
0,5,cachorr
0,10,aranh
1,1,aparelh
0,27,cabel
2,15,fum
0,3,peix
0,0,cocain
0,6,carta
1,2,manu
5,5,loucur
1,1,vizinh
2,2,europ
3,3,faz
1,7,toc
3,3,aranh
2,9,aniversari
5,5,vizinh
0,0,sab
0,3,afog
8,8,explod
4,3,repreend
0,10,grit
3,3,lind
3,6,cant
0,18,adot
3,5,sinal
0,6,cobr
0,5,pesso
4,4,volt
0,3,pern
5,3,arrum
0,4,carr
4,4,album
4,3,peg
0,1,caramb
0,0,clon
0,0,pist
0,5,compr
2,4,gem
0,0,piercing
2,7,amig
3,3,apavor
3,10,lut
0,4,bolsonar
0,7,bols
1,3,professor
5,5,bol
0,2,glor
3,6,bat
0,1,banguel
0,0,lind
3,8,ouv
0,5,buqu
1,1,alegr
6,1,tir
30,39,cas
9,9,toc
0,1,paraqued
9,9,tim
2,2,formul
1,1,madrug
0,0,atac
2,10,receb
2,12,receb
0,16,conhec
5,1,hack
4,2,hor
3,4,franc
3,10,jog
1,1,rea
2,2,cach
0,8,piercing
1,2,assust
0,1,amant
0,4,horari
0,7,algu
3,11,amig
0,20,cabel
2,2,terror
1,1,lanc
0,31,namor
4,4,tatu
0,7,boa
2,2,duba
6,6,roub
7,7,pod
1,1,estimaca
1,8,jog
1,3,hor
5,16,beij
3,4,posit
6,6,sup
5,5,calv
0,0,ital
7,7,tent
0,19,beb
8,8,loucur
2,2,box
0,1,mae
19,19,namor
10,10,pint
12,12,grav
12,12,beb
0,3,clon
0,1,granda
2,3,fic
0,7,loucur
0,3,dand
0,2,desc
1,1,silicon
0,1,anitt
0,0,lul
9,9,abrac
0,0,whindersson
1,15,jog
0,0,jad
0,8,pai
23,23,conhec
0,0,heter
0,2,tartarug
0,5,conhec
0,3,banguel
4,4,saudad
8,8,grit
0,11,chor
0,1,vend
5,3,show
0,0,troc
6,4,post
0,1,fumant
0,1,amarr
7,2,cheg
5,1,cant
6,6,tra
10,10,lanc
2,2,sobrinh
2,1,gem
5,1,pist
0,6,peg
3,4,trabalh
11,11,conhec
8,1,vest
9,9,dav
1,1,florip
2,4,viv
5,9,mensag
1,5,dent
4,15,trabalh
0,3,filh
2,2,menstru
6,6,dav
2,2,viola
4,2,cinem
7,7,boc
0,3,termin
18,18,peg
3,6,amig
9,9,trabalh
15,15,grav
2,0,cont
48,48,tir
3,3,matu
34,34,cas
2,13,vir
3,3,brig
2,6,viaj
15,15,pai
0,4,pedrinh
4,3,arrum
0,3,constru
1,1,hom
2,2,pedrinh
2,0,repreend
0,0,grec
2,2,comig
1,1,dav
8,8,amass
2,1,gatinh
2,2,pra
3,3,unid
1,1,apocalips
0,2,famil
2,4,ensin
8,8,film
0,2,lip
1,2,film
1,4,feir
0,0,menininh
0,2,aranh
18,18,com
3,1,caf
0,9,roup
0,0,comig
0,0,pedrinh
5,5,hack
4,4,sent
0,1,boat
0,3,grav
4,4,cheg
0,7,cabec
0,9,atac
26,26,grav
0,1,pavor
0,2,connor
1,1,ido
1,1,prov
1,1,eleit
2,11,mat
3,15,abrac
1,1,pod
0,2,nasc
2,3,enem
1,2,pared
0,2,caid
2,3,comec
4,1,paul
0,2,vai
0,16,morr
0,0,beb
1,12,ganh
17,17,trabalh
0,6,maconh
22,22,par
4,0,repreend
2,2,flor
17,12,ganh
8,8,coloc
0,3,grit
0,4,loir
0,0,cant
1,2,dad
5,5,chov
1,0,repreend
0,2,dand
0,3,vap
1,3,bas
0,0,madrug
1,29,conhec
0,4,cuid
10,10,pes
7,6,celul
9,4,cant
1,2,filip
0,3,amig
1,1,xam
5,5,sonh
3,3,rihann
0,0,fum
8,5,troc
1,4,lind
3,3,engravid
6,6,brinc
1,1,amament
0,1,dor
11,11,grav
1,1,parceir
4,4,calv
1,4,saudad
0,2,ex
6,6,boc
5,5,bar
2,4,lind
5,0,tent
1,1,enquadr
1,9,trans
12,12,par
25,25,namor
1,1,piercing
9,9,tatu
16,19,morr
1,1,empreg
0,0,golden
0,1,swift
3,3,fernand
0,2,casament
2,2,fest
0,4,ex
1,1,jad
3,3,gat
14,14,cant
8,8,ouv
6,6,cont
1,1,mcfly
1,0,desesper
2,1,particip
7,7,roub
2,17,beij
0,3,hom
0,5,bar
6,6,grit
0,4,coloc
8,8,dent
0,0,amass
2,2,termin
1,1,bat
0,20,amig
0,3,aranh
4,3,chor
1,1,flor
0,1,cruzeir
10,20,bat
0,3,gir
10,10,quer
0,5,tom
0,3,orelh
24,24,cas
6,6,volt
0,5,nen
6,6,cham
1,3,kyli
2,2,agu
0,9,trabalh
2,2,lind
17,17,fal
5,8,gent
2,8,lul
15,15,fum
6,25,grav
3,5,compr
4,4,entrav
13,13,pass
1,4,alegr
5,3,com
0,2,saind
0,1,corinthians
32,32,tir
0,0,libert
1,3,azul
0,5,namor
0,12,rol
6,6,menin
6,6,onca
0,4,noiv
0,0,brux
8,8,namor
1,7,arrum
4,4,vest
0,3,comec
5,5,lut
0,2,dor
6,6,calv
1,13,brac
1,1,misericord
1,2,cachorr
0,0,vend
0,2,pesadel
0,31,cabel
0,2,bols
7,7,seri
3,2,dia
4,4,mensag
6,6,termin
5,5,sorvet
2,2,cai
