id,label,value,label1
7,fala,4,fal
8,falado,4,fal
1,falando,34,fal
2,falar,22,fal
17,falaram,1,fal
14,falarem,1,fal
15,falasse,1,fal
0,falava,42,fal
13,falavam,1,fal
3,falei,17,fal
16,falido,1,fal
9,falo,4,fal
6,falou,4,fal
19,fica,1,fal
11,ficar,3,fal
5,ficava,8,fal
12,ficavam,2,fal
4,pessoa,14,fal
10,pessoal,3,fal
18,pessoas,1,fal
14,amiga,3,peg
3,casa,23,peg
16,casada,2,peg
17,casamento,2,peg
15,fica,2,peg
24,ficamos,1,peg
22,ficante,1,peg
18,ficar,2,peg
23,ficaria,1,peg
6,ficava,8,peg
13,fogo,3,peg
5,pega,10,peg
20,pegada,1,peg
7,pegado,7,peg
19,pegamos,1,peg
2,pegando,39,peg
1,pegar,46,peg
10,pegaram,5,peg
11,pegarem,4,peg
9,pegas,5,peg
0,pegava,79,peg
12,pegavam,4,peg
8,pego,6,peg
4,pegou,19,peg
21,peguei,1,peg
24,bichinho,1,jog
26,bichinhos,1,jog
4,bicho,19,jog
23,faz,1,jog
22,fazendo,1,jog
8,fazer,6,jog
7,fazia,7,jog
21,faziam,1,jog
14,ganhado,2,jog
28,ganhamos,1,jog
15,ganhava,2,jog
25,ganhavamos,1,jog
27,ganhei,1,jog
19,jogada,1,jog
9,jogado,5,jog
12,jogadora,2,jog
18,jogadores,1,jog
13,jogamos,2,jog
0,jogando,72,jog
3,jogar,36,jog
20,jogaram,1,jog
2,jogava,48,jog
17,jogavam,1,jog
1,jogo,63,jog
6,jogos,7,jog
5,jogou,9,jog
16,joguei,2,jog
10,league,4,jog
11,legends,4,jog
0,aranha,24,aranh
5,aranhas,1,aranh
1,homem,14,aranh
7,homens,1,aranh
10,morri,1,aranh
9,morria,1,aranh
3,mulher,3,aranh
8,pica,1,aranh
4,picada,3,aranh
6,picado,1,aranh
2,picava,3,aranh
9,aniversario,7,ganh
15,ceara,2,ganh
16,ganha,2,ganh
2,ganhado,43,ganh
22,ganhamos,1,ganh
14,ganhando,3,ganh
5,ganhar,10,ganh
20,ganharam,2,ganh
21,ganharia,1,ganh
0,ganhava,131,ganh
23,ganhavam,1,ganh
1,ganhei,46,ganh
17,ganho,2,ganh
3,ganhou,18,ganh
4,gente,14,ganh
18,linda,2,ganh
25,lindas,1,ganh
24,lindinho,1,ganh
8,lindo,8,ganh
7,lula,9,ganh
11,rifa,5,ganh
19,rifas,2,ganh
13,santos,3,ganh
12,sorteio,4,ganh
10,surpresa,6,ganh
6,turno,10,ganh
21,apareca,1,grav
25,aparece,1,grav
23,gente,1,grav
20,gravado,1,grav
19,gravando,1,grav
18,gravava,1,grav
11,gravei,2,grav
0,gravida,291,grav
10,gravidas,2,grav
5,gravido,7,grav
13,horrivel,2,grav
22,janela,1,grav
2,livre,16,grav
1,menina,19,grav
8,meninas,3,grav
3,menino,13,grav
14,novo,2,grav
4,pesadelo,11,grav
16,sonha,2,grav
26,sonhamos,1,grav
17,sonhando,2,grav
12,sonhar,2,grav
27,sonharam,1,grav
24,sonhe,1,grav
15,sonhos,2,grav
9,trigemeas,2,grav
7,trigemeos,3,grav
6,vitima,3,grav
3,cachorra,9,cachorr
0,cachorro,48,cachorr
1,cachorros,15,cachorr
2,casa,11,cachorr
5,querendo,3,cachorr
7,querer,1,cachorr
4,queria,9,cachorr
6,quero,2,cachorr
4,ia,10,lanc
14,iam,1,lanc
5,lanca,6,lanc
11,lancada,1,lanc
0,lancado,25,lanc
7,lancando,5,lanc
3,lancar,13,lanc
10,lancas,1,lanc
1,lancava,20,lanc
9,lancavam,2,lanc
8,lance,3,lanc
6,lancou,6,lanc
2,musica,18,lanc
13,musical,1,lanc
12,musicas,1,lanc
4,casa,10,ia
13,casada,1,ia
14,casal,1,ia
11,casamento,1,ia
15,casando,1,ia
6,casar,5,ia
12,castrar,1,ia
8,fazendo,2,ia
3,fazer,26,ia
5,fazia,5,ia
10,faziam,1,ia
7,filho,5,ia
0,ia,295,ia
9,iam,1,ia
2,pai,31,ia
1,show,66,ia
2,fazendo,3,pesadel
1,fazer,4,pesadel
0,pesadelo,100,pesadel
5,pesadelos,1,pesadel
3,voltado,2,pesadel
4,voltar,2,pesadel
6,voltava,1,pesadel
7,voltei,1,pesadel
8,voltou,1,pesadel
14,cara,1,filh
4,dia,11,filh
13,diana,1,filh
1,filha,68,filh
9,filhas,1,filh
0,filho,73,filh
2,filhos,19,filh
3,linda,17,filh
10,lindaaaaa,1,filh
8,lindinha,2,filh
5,lindo,6,filh
6,lindos,2,filh
7,menino,2,filh
12,querendo,1,filh
11,quero,1,filh
8,falar,4,gent
17,faz,1,gent
7,fazendo,8,gent
1,fazer,12,gent
15,fazermos,1,gent
3,fazia,10,gent
14,faziam,1,gent
19,fic,1,gent
20,fica,1,gent
21,ficado,1,gent
9,ficamos,3,gent
11,ficando,3,gent
6,ficar,8,gent
4,ficava,10,gent
13,ficavam,2,gent
0,gente,294,gent
5,voltado,9,gent
16,voltando,1,gent
10,voltar,3,gent
2,voltava,10,gent
18,volte,1,gent
12,voltou,2,gent
4,acordado,1,p
3,namorado,1,p
2,namorando,2,p
1,namorava,2,p
0,p,7,p
27,chorando,1,conhec
28,chorar,1,conhec
18,conhece,1,conhec
17,conhecem,1,conhec
9,conhecendo,9,conhec
6,conhecer,10,conhec
20,conhecesse,1,conhec
1,conheci,50,conhec
0,conhecia,114,conhec
12,conhecida,3,conhec
11,conhecidas,4,conhec
2,conhecido,29,conhec
21,conhecidos,1,conhec
19,conhecimento,1,conhec
3,conheco,19,conhec
23,fala,1,conhec
22,falando,1,conhec
16,falar,2,conhec
8,falava,9,conhec
24,falavam,1,conhec
26,faleceram,1,conhec
13,faleceu,2,conhec
29,falei,1,conhec
14,falo,2,conhec
25,falou,1,conhec
7,jao,9,conhec
5,louis,11,conhec
10,pessoa,8,conhec
4,pessoas,13,conhec
15,real,2,conhec
1,cara,62,tir
63,caraca,1,tir
9,caramba,21,tir
70,caramelo,1,tir
14,caras,9,tir
39,cardi,2,tir
35,careca,2,tir
24,carencia,3,tir
45,carequinha,1,tir
68,cargo,1,tir
62,caribe,1,tir
55,carinha,1,tir
58,carinhanha,1,tir
53,carinho,1,tir
56,carlinhos,1,tir
26,carlos,3,tir
31,carnaval,3,tir
17,carne,5,tir
18,carol,5,tir
64,carolina,1,tir
71,caroline,1,tir
37,carona,2,tir
57,caros,1,tir
28,carrapato,3,tir
66,carreata,1,tir
61,carregador,1,tir
59,carregar,1,tir
42,carregava,1,tir
38,carreguei,2,tir
20,carreira,5,tir
67,carreta,1,tir
65,carrie,1,tir
73,carrinha,1,tir
29,carrinho,3,tir
16,carro,9,tir
23,carta,4,tir
19,cartao,5,tir
27,cartas,3,tir
44,cartaz,1,tir
32,carteira,2,tir
72,cartela,1,tir
60,carti,1,tir
40,cartinha,2,tir
36,cartola,2,tir
69,cartorio,1,tir
54,carvalho,1,tir
11,comigo,13,tir
0,foto,82,tir
7,fotos,25,tir
43,lembrado,1,tir
48,lembranca,1,tir
15,lembrando,9,tir
12,lembrar,12,tir
30,lembrava,3,tir
8,lembrei,21,tir
5,lembro,33,tir
49,lembrou,1,tir
10,tirado,14,tir
46,tiram,1,tir
41,tiramos,1,tir
6,tirando,28,tir
2,tirar,53,tir
25,tiraram,3,tir
50,tirasse,1,tir
3,tirava,36,tir
33,tiravam,2,tir
52,tiravamos,1,tir
4,tirei,34,tir
51,tireoide,1,tir
21,tiro,4,tir
34,tirolesa,2,tir
22,tiros,4,tir
47,tiroteio,1,tir
13,tirou,10,tir
28,cabeleireira,2,cabel
0,cabelo,291,cabel
25,cabelos,3,cabel
41,caiu,1,cabel
40,careca,1,cabel
1,cortado,49,cabel
12,cortando,6,cabel
8,cortar,12,cabel
19,cortaram,4,cabel
2,cortava,43,cabel
22,cortavam,3,cabel
18,corte,4,cabel
7,cortei,13,cabel
37,cortes,1,cabel
33,corto,1,cabel
11,cortou,6,cabel
3,curtinho,21,cabel
24,descoloria,3,cabel
38,descolorido,1,cabel
36,descolorindo,1,cabel
35,descolorir,1,cabel
20,fazendo,4,cabel
17,fazer,4,cabel
30,ficado,2,cabel
15,ficava,5,cabel
31,horrivel,2,cabel
42,loira,1,cabel
6,loiro,14,cabel
27,novo,3,cabel
9,pintado,11,cabel
29,pintando,2,cabel
26,pintar,3,cabel
4,pintava,20,cabel
21,pintei,4,cabel
14,platinado,5,cabel
32,platinar,1,cabel
39,queria,1,cabel
23,quero,3,cabel
10,raspado,8,cabel
34,raspar,1,cabel
13,raspava,6,cabel
16,raspei,4,cabel
5,vermelho,14,cabel
7,bebe,3,lind
8,gravida,2,lind
1,linda,16,lind
9,lindas,1,lind
0,lindo,24,lind
4,menina,5,lind
6,menino,3,lind
5,namorada,3,lind
2,namorando,13,lind
3,namorava,8,lind
2,frio,8,nev
10,friozinho,1,nev
6,nevado,2,nev
0,nevando,17,nev
4,nevar,2,nev
1,nevava,8,nev
3,neve,3,nev
8,never,1,nev
9,neves,1,nev
7,nevou,1,nev
5,senti,2,nev
11,sentia,1,nev
12,sentir,1,nev
39,acordar,1,cas
5,cara,12,cas
17,caramba,2,cas
32,caranguejeiras,1,cas
21,caras,1,cas
34,cardi,1,cas
28,carol,1,cas
31,carosella,1,cas
35,carrao,1,cas
27,carrara,1,cas
29,carregador,1,cas
22,carreira,1,cas
15,carro,2,cas
33,carvao,1,cas
0,casa,175,cas
3,casada,13,cas
24,casais,1,cas
18,casamento,1,cas
16,casamos,2,cas
1,casando,38,cas
4,casar,12,cas
23,casaram,1,cas
19,casas,1,cas
2,casava,13,cas
13,casei,3,cas
25,casimiro,1,cas
6,caso,10,cas
36,chegado,1,cas
38,chegar,1,cas
7,chegava,5,cas
41,chegavamos,1,cas
37,chego,1,cas
14,chegou,2,cas
9,cheguei,5,cas
20,comprava,1,cas
26,desesperada,1,cas
10,desesperado,3,cas
30,desespero,1,cas
40,ficando,1,cas
8,ia,5,cas
12,safadao,3,cas
11,wesley,3,cas
3,chorando,6,show
4,chorar,4,show
11,chorava,1,show
5,faz,2,show
1,fazendo,9,show
9,fazer,1,show
2,fazia,8,show
6,faziamos,1,show
8,meninas,1,show
0,show,183,show
7,shows,1,show
10,teatro,1,show
5,acho,2,cort
7,corta,1,cort
6,cortado,2,cort
1,cortando,4,cort
2,cortar,4,cort
4,cortava,3,cort
0,corte,6,cort
3,cortei,3,cort
9,queria,1,cort
8,queridos,1,cort
10,quero,1,cort
0,amor,32,amor
8,amoras,1,amor
5,amores,2,amor
1,boas,14,amor
9,ex,1,amor
3,fazendo,9,amor
7,fazia,2,amor
4,gravida,6,amor
6,mulher,2,amor
2,mundo,14,amor
6,acidentava,1,carr
1,acidente,7,carr
5,carrinho,1,carr
0,carro,71,carr
2,carros,6,carr
4,comprado,3,carr
7,compras,1,carr
3,comprava,4,carr
0,agua,46,agu
6,aguas,1,agu
5,aguia,1,agu
4,bebendo,3,agu
2,bebi,4,agu
3,bebia,4,agu
1,sede,5,agu
7,cuidar,1,fofinh
4,cuidava,2,fofinh
3,encontrado,2,fofinh
6,encontro,1,fofinh
5,encontros,1,fofinh
1,fofinha,9,fofinh
0,fofinho,12,fofinh
2,fofinhos,3,fofinh
12,canta,3,cant
10,cantada,3,cant
16,cantadas,1,cant
7,cantado,5,cant
0,cantando,60,cant
3,cantar,17,cant
13,cantaram,2,cant
17,cantasse,1,cant
2,cantava,32,cant
8,cantavam,4,cant
11,cantei,3,cant
5,canto,11,cant
15,cantor,1,cant
18,cantora,1,cant
14,cantos,2,cant
9,cantou,4,cant
4,musica,15,cant
19,musical,1,cant
6,musicas,8,cant
1,show,35,cant
5,cara,8,mat
19,caras,1,mat
20,carnaval,1,mat
21,carol,1,mat
17,carregando,1,mat
12,mata,2,mat
7,matado,6,mat
6,matando,6,mat
0,matar,49,mat
15,mataram,1,mat
2,matava,17,mat
3,matei,14,mat
13,materias,2,mat
10,matou,4,mat
11,pessoa,3,mat
18,pessoas,1,mat
4,querendo,13,mat
14,querer,2,mat
1,queria,24,mat
9,queriam,4,mat
16,querida,1,mat
8,quero,5,mat
22,sinistro,1,mat
5,faz,10,faz
11,faze,1,faz
9,fazem,1,faz
0,fazendo,136,faz
2,fazer,82,faz
12,fazerem,1,faz
1,fazia,125,faz
6,faziam,7,faz
3,parte,22,faz
10,participei,1,faz
7,parto,4,faz
13,partos,1,faz
4,tatuagem,16,faz
8,tatuagens,2,faz
17,cara,1,fic
18,caras,1,fic
11,fic,1,fic
9,fica,4,fic
14,ficada,1,fic
4,ficado,13,fic
15,ficam,1,fic
8,ficamos,4,fic
1,ficando,48,fic
2,ficar,42,fic
10,ficaram,3,fic
13,ficarei,1,fic
12,ficaria,1,fic
0,ficava,122,fic
7,ficavam,4,fic
3,ia,19,fic
16,iam,1,fic
19,iamos,1,fic
20,iate,1,fic
5,pessoa,11,fic
21,pessoal,1,fic
6,pessoas,6,fic
23,queria,1,fic
22,quero,1,fic
8,faz,1,the
10,fazendo,1,the
9,fazer,1,the
4,fazia,2,the
5,namorada,1,the
3,namorado,2,the
6,namorando,1,the
7,namorar,1,the
2,namorava,3,the
0,the,40,the
1,theo,3,the
16,acidente,1,morr
19,assalto,1,morr
6,cara,7,morr
15,caramba,1,morr
17,carinho,1,morr
14,carrie,1,morr
18,lembrando,1,morr
8,lembrar,3,morr
9,lembrei,3,morr
13,morre,1,morr
10,morrem,1,morr
3,morrendo,12,morr
5,morrer,10,morr
12,morreria,1,morr
2,morreu,17,morr
4,morri,12,morr
0,morria,53,morr
11,morriam,1,morr
1,morrido,42,morr
7,morro,5,morr
0,baile,16,bail
2,bailes,1,bail
4,bebe,1,bail
3,bebendo,1,bail
1,dia,3,bail
0,delicia,13,delic
1,deliciava,2,delic
2,lembrei,2,delic
3,voltava,2,delic
8,chega,1,gal
9,chegar,1,gal
7,chegava,1,gal
3,foto,4,gal
6,fotos,1,gal
4,gal,3,gal
5,gala,1,gal
0,galera,21,gal
2,galeria,7,gal
1,galo,8,gal
2,comigo,12,gost
5,gosta,5,gost
11,gostado,1,gost
7,gostando,2,gost
9,gostar,1,gost
8,gostaria,1,gost
4,gostava,6,gost
10,gostavam,1,gost
3,gostei,8,gost
1,gosto,13,gost
0,pessoa,21,gost
6,pessoas,4,gost
9,comprado,1,livr
5,comprando,2,livr
4,comprava,3,livr
10,gravar,1,livr
3,gravida,4,livr
11,gravidez,1,livr
7,livrando,1,livr
8,livraria,1,livr
6,livrava,2,livr
0,livre,32,livr
1,livro,18,livr
2,livros,16,livr
1,andando,9,skat
2,sinal,2,skat
0,skate,11,skat
3,filha,1,papa
4,filhinha,1,papa
2,filho,2,papa
0,papai,22,papa
1,vai,3,papa
0,credo,51,cred
1,gravida,10,cred
4,gravidez,1,cred
6,morrendo,1,cred
2,morreu,2,cred
3,morria,2,cred
5,morrido,1,cred
8,alguem,11,beij
28,amiga,1,beij
23,beija,1,beij
7,beijado,13,beij
21,beijamos,1,beij
1,beijando,66,beij
5,beijar,14,beij
22,beijaram,1,beij
0,beijava,82,beij
14,beijavam,4,beij
2,beijei,47,beij
3,beijo,17,beij
10,beijos,7,beij
12,beijou,4,beij
19,cara,2,beij
27,cima,1,beij
26,dia,1,beij
4,menina,17,beij
9,menino,10,beij
11,mulher,6,beij
18,namorada,2,beij
15,namorado,3,beij
16,namorando,2,beij
17,pessoa,2,beij
24,quer,1,beij
20,querendo,2,beij
25,querer,1,beij
6,queria,14,beij
13,quero,4,beij
1,aniversario,20,fest
8,faze,1,fest
2,fazendo,10,fest
4,fazer,4,fest
3,fazia,6,fest
7,faziam,1,fest
0,festa,158,fest
6,festar,1,fest
5,festas,3,fest
6,engravidado,1,engravid
7,engravidando,1,engravid
3,engravidar,2,engravid
0,engravidava,4,engravid
2,engravidei,3,engravid
4,engravidou,2,engravid
1,gravida,3,engravid
5,menina,2,engravid
8,meninas,1,engravid
7,cabelao,1,cach
0,cabelo,9,cach
6,cabelos,1,cach
4,cacheada,2,cach
1,cacheado,7,cach
5,cacheados,1,cach
2,cachos,3,cach
8,querendo,1,cach
3,queria,2,cach
3,falando,2,twitt
8,falava,1,twitt
6,falei,1,twitt
7,falo,1,twitt
1,mae,5,twitt
5,twittado,1,twitt
2,twittava,3,twitt
4,twittei,2,twitt
0,twitter,49,twitt
3,amiga,6,vir
13,amigas,1,vir
5,gente,5,vir
4,vir,5,vir
10,vira,1,vir
1,virado,14,vir
8,virando,3,vir
6,virar,4,vir
12,virarem,1,vir
0,virava,23,vir
9,viravam,2,vir
11,vire,1,vir
7,virei,3,vir
2,virou,10,vir
3,b,4,seri
5,batatinha,1,seri
8,batman,1,seri
11,beijao,1,seri
9,beijo,1,seri
6,bianca,1,seri
10,bissexual,1,seri
7,boa,1,seri
4,bridgerton,2,seri
2,gente,6,seri
1,serie,22,seri
0,serio,31,seri
0,amiga,126,amig
2,amigas,27,amig
1,amigos,54,amig
5,anitta,8,amig
3,casa,12,amig
18,casada,1,amig
10,casando,3,amig
14,casar,1,amig
15,casava,1,amig
16,casou,1,amig
12,cuidado,2,amig
8,cuidem,4,amig
13,faz,2,amig
9,fazendo,4,amig
6,fazer,5,amig
7,fazia,5,amig
11,faziam,2,amig
20,faziamos,1,amig
19,festa,1,amig
4,gravida,11,amig
17,gravidas,1,amig
1,cima,11,dand
0,dando,14,dand
3,ficar,1,dand
2,ficava,3,dand
2,alguem,1,drog
3,aparecido,1,drog
0,droga,6,drog
1,drogas,1,drog
4,falando,9,mensag
16,falar,2,mensag
9,falecido,2,mensag
21,falei,1,mensag
22,falo,1,mensag
20,falsos,1,mensag
23,faltei,1,mensag
13,manda,2,mensag
18,mandada,1,mensag
2,mandado,19,mensag
5,mandando,9,mensag
6,mandar,8,mensag
11,mandaram,2,mensag
1,mandava,32,mensag
12,mandavam,2,mensag
7,mandei,6,mensag
10,mando,2,mensag
3,mandou,16,mensag
0,mensagem,109,mensag
14,pessoa,2,mensag
17,receber,1,mensag
15,recebi,2,mensag
8,recebia,4,mensag
19,recebido,1,mensag
0,ajudar,15,ajud
1,desculpe,15,ajud
2,posso,15,ajud
20,dia,1,par
22,gravava,1,par
6,gravida,7,par
15,par,1,par
7,parada,6,par
12,paradas,2,par
9,parado,4,par
14,parando,1,par
3,parar,14,par
4,parava,8,par
10,paravam,3,par
18,parei,1,par
19,pares,1,par
13,pari,1,par
11,paria,2,par
8,parido,5,par
5,parindo,8,par
16,parir,1,par
2,paris,16,par
1,pariu,17,par
17,parou,1,par
0,puta,18,par
21,puto,1,par
8,comprado,3,pod
12,comprando,1,pod
3,comprar,6,pod
11,comprava,1,pod
10,compreender,2,pod
9,comprei,3,pod
1,pod,7,pod
6,pode,3,pod
7,poder,3,pod
2,poderes,7,pod
0,poderia,9,pod
4,podia,6,pod
5,verdade,4,pod
7,carro,5,roub
3,celular,9,roub
9,roubada,3,roub
0,roubado,17,roub
10,roubando,3,roub
6,roubar,5,roub
2,roubaram,9,roub
1,roubava,15,roub
5,roubavam,6,roub
4,roubei,7,roub
8,roubou,4,roub
1,bizarro,2,madrug
2,dava,2,madrug
3,madruga,1,madrug
0,madrugada,25,madrug
2,filme,3,univers
5,filmes,1,univers
1,sinal,6,univers
3,universe,1,univers
0,universo,45,univers
4,universos,1,univers
2,cara,9,dav
13,caramba,1,dav
15,caras,1,dav
16,carioca,1,dav
12,carlinhos,1,dav
17,carolina,1,dav
4,carro,2,dav
14,carta,1,dav
1,casa,9,dav
6,casadas,1,dav
11,casar,1,dav
7,casava,1,dav
10,cassie,1,dav
0,dava,160,dav
3,davam,7,dav
9,davamos,1,dav
8,dave,1,dav
5,davi,2,dav
2,apresentava,2,famil
3,apresentei,1,famil
0,familia,19,famil
1,triste,5,famil
6,amor,1,sorvet
0,sorvete,6,sorvet
3,sorveteria,1,sorvet
2,tomando,2,sorvet
4,tomar,1,sorvet
5,tomava,1,sorvet
1,tomei,2,sorvet
0,afogada,3,afog
1,afogado,2,afog
2,afogando,2,afog
7,arthur,1,afog
3,morrendo,2,afog
5,morri,1,afog
6,morria,1,afog
4,morrido,2,afog
3,ganhava,1,madrid
2,ganhou,4,madrid
0,madrid,6,madrid
1,real,5,madrid
2,calva,5,calv
5,calvicie,1,calv
0,calvo,29,calv
6,ficado,1,calv
1,ficando,9,calv
4,ficava,4,calv
3,pesadelo,5,calv
0,foto,36,post
4,fotos,8,post
3,instagram,11,post
11,post,1,post
1,postado,21,post
10,postam,1,post
9,postando,1,post
7,postar,3,post
2,postava,15,post
8,postavam,1,post
5,postei,6,post
6,postou,4,post
1,conta,5,dinheir
0,dinheiro,23,dinheir
3,ganhado,2,dinheir
4,ganhando,2,dinheir
2,ganhava,3,dinheir
5,ganhei,1,dinheir
10,fazendo,1,feit
3,fazer,6,feit
11,fazia,1,feit
6,feita,4,feit
0,feito,107,feit
7,feitos,2,feit
8,ficado,2,feit
9,ficaram,1,feit
5,ficava,5,feit
4,sinal,5,feit
2,tatuagem,15,feit
1,tatuagens,20,feit
25,acreditem,1,namor
9,cara,7,namor
29,caraca,1,namor
30,caramba,1,namor
31,carencia,1,namor
26,carinha,1,namor
32,carrey,1,namor
17,chorando,3,namor
28,chorar,1,namor
18,dia,3,namor
27,dias,1,namor
19,gente,2,namor
5,menina,8,namor
15,menino,3,namor
4,namorada,21,namor
20,namoradas,2,namor
2,namorado,47,namor
11,namorados,6,namor
0,namorando,139,namor
14,namorar,3,namor
1,namorava,118,namor
16,namoravam,3,namor
21,namorico,1,namor
8,namoro,7,namor
12,novo,4,namor
22,trai,1,namor
10,traia,6,namor
23,traiam,1,namor
24,traida,1,namor
13,traido,4,namor
6,traindo,8,namor
7,traiu,7,namor
3,triste,31,namor
0,cigarro,11,cigarr
3,cigarros,2,cigarr
6,comprar,1,cigarr
7,compravam,1,cigarr
5,fuma,1,cigarr
1,fumando,5,cigarr
4,fumar,2,cigarr
2,fumava,4,cigarr
0,horrivel,94,horrivel
4,morrendo,2,horrivel
5,morrer,1,horrivel
8,morreram,1,horrivel
3,morreu,2,horrivel
7,morria,1,horrivel
2,morrido,3,horrivel
1,pesadelo,20,horrivel
6,pesadelos,1,horrivel
6,chorando,4,comec
0,chorar,25,comec
10,chorava,1,comec
9,comeca,1,comec
5,comecado,4,comec
7,comecar,2,comec
2,comecava,13,comec
8,comecavam,1,comec
1,comecei,16,comec
4,comecou,5,comec
3,gente,5,comec
2,fiquei,3,hom
4,home,2,hom
0,homem,36,hom
5,namorado,2,hom
3,namorando,3,hom
1,namorava,4,hom
3,amarrada,1,amarr
0,amarrado,19,amarr
4,amarrar,1,amarr
2,gravida,5,amarr
1,jesus,5,amarr
2,gravida,9,real
4,parece,2,real
3,pareceu,4,real
1,parecia,34,real
0,real,42,real
4,apareceu,1,jimin
1,aparecia,4,jimin
2,aparecido,2,jimin
3,instagram,2,jimin
0,jimin,9,jimin
6,aprender,1,viola
5,aprendido,1,viola
3,toca,1,viola
1,tocando,4,viola
2,tocar,3,viola
4,tocava,1,viola
0,violao,12,viola
0,cabelo,34,pint
11,cabelos,2,pint
13,pinta,1,pint
14,pintada,1,pint
9,pintadas,3,pint
1,pintado,13,pint
5,pintando,8,pint
4,pintar,9,pint
3,pintava,11,pint
12,pintavam,1,pint
6,pintei,5,pint
8,pinto,4,pint
2,preto,12,pint
7,rosa,5,pint
15,rosas,1,pint
10,rosto,2,pint
9,adota,2,adot
8,adotada,2,adot
0,adotado,29,adot
10,adotando,2,adot
4,adotar,6,adot
1,adotava,22,adot
7,adotei,4,adot
13,adotou,1,adot
3,bebe,7,adot
18,cachorrinha,1,adot
12,cachorrinho,2,adot
16,cachorrinhos,1,adot
6,cachorro,4,adot
15,cachorros,1,adot
17,casal,1,adot
2,crianca,8,adot
14,criancas,1,adot
5,gato,6,adot
11,gatos,2,adot
16,bate,2,bat
1,batendo,19,bat
3,bater,12,bat
19,bateram,1,bat
10,bateria,4,bat
5,bateu,9,bat
4,bati,11,bat
0,batia,42,bat
14,batiam,2,bat
18,batida,1,bat
9,batido,5,bat
21,car,1,bat
7,cara,8,bat
15,caras,2,bat
20,carreira,1,bat
2,carro,13,bat
17,dirigir,2,bat
13,ia,3,bat
6,menina,9,bat
12,meninas,3,bat
8,menino,5,bat
11,onibus,3,bat
2,casa,7,irma
7,casando,1,irma
8,caso,1,irma
6,falando,2,irma
3,falava,4,irma
10,falecido,1,irma
4,falei,3,irma
9,falta,1,irma
0,irma,45,irma
1,irmao,39,irma
5,irmaos,2,irma
5,gente,10,troc
2,ideia,16,troc
9,ideias,3,troc
6,troca,5,troc
11,trocada,2,troc
4,trocado,10,troc
13,trocados,1,troc
7,trocamos,4,troc
0,trocando,16,troc
3,trocar,13,troc
14,trocarmos,1,troc
1,trocava,16,troc
12,trocavam,1,troc
10,troco,3,troc
8,trocou,4,troc
5,celular,4,quebr
9,comecei,2,quebr
12,comecou,1,quebr
6,comendo,2,quebr
15,comeu,1,quebr
19,comi,1,quebr
16,comido,1,quebr
17,comigo,1,quebr
18,computador,1,quebr
13,quebra,1,quebr
2,quebrada,8,quebr
0,quebrado,25,quebr
7,quebrando,2,quebr
8,quebrar,2,quebr
10,quebraram,1,quebr
1,quebrava,16,quebr
11,quebravam,1,quebr
14,quebre,1,quebr
4,quebrei,7,quebr
3,quebrou,7,quebr
1,demitida,9,demit
0,demitido,13,demit
2,paulo,5,demit
3,sousa,3,demit
9,casa,5,coloc
15,casava,1,coloc
16,caso,1,coloc
7,celular,7,coloc
10,coloca,4,coloc
1,colocado,42,coloc
14,colocamos,1,coloc
3,colocando,15,coloc
2,colocar,29,coloc
12,colocaram,3,coloc
0,colocava,43,coloc
8,colocavam,5,coloc
6,colocou,8,coloc
11,feliz,3,coloc
13,nariz,2,coloc
4,piercing,12,coloc
5,silicone,12,coloc
8,acorda,1,dorm
7,acordado,2,dorm
5,acordar,3,dorm
6,acordava,3,dorm
3,casa,8,dorm
11,casal,1,dorm
9,casava,1,dorm
10,casavamos,1,dorm
2,dormia,16,dorm
4,dormido,4,dorm
0,dormindo,53,dorm
1,dormir,52,dorm
6,acho,1,sent
1,gente,2,sent
2,sentando,2,sent
5,senti,1,sent
3,sentia,1,sent
4,sentido,1,sent
0,sentindo,2,sent
15,bahia,1,perd
5,chorando,3,perd
14,chorava,1,perd
9,chorei,2,perd
3,dia,7,perd
12,dias,1,perd
13,perda,1,perd
8,perdendo,2,perd
11,perder,1,perd
10,perdesse,1,perd
7,perdeu,2,perd
2,perdi,15,perd
0,perdia,38,perd
6,perdida,2,perd
1,perdido,25,perd
4,vasco,5,perd
6,braco,5,tatu
11,bunda,1,tatu
9,quero,2,tatu
2,tatuada,12,tatu
0,tatuado,15,tatu
4,tatuagem,9,tatu
7,tatuagens,5,tatu
1,tatuando,13,tatu
5,tatuar,6,tatu
3,tatuava,9,tatu
10,tatuavam,1,tatu
8,tatuei,3,tatu
4,comprado,2,rea
2,comprando,6,rea
6,compras,1,rea
3,comprava,4,rea
5,comprei,1,rea
1,mil,12,rea
0,reais,83,rea
5,cabelo,5,mud
4,ia,5,mud
9,iamos,1,mud
7,muda,1,mud
0,mudado,19,mud
3,mudando,8,mud
2,mudar,8,mud
8,mudas,1,mud
1,mudava,18,mud
6,mudou,3,mud
10,bebada,2,beb
5,bebado,6,beb
0,bebe,89,beb
3,bebendo,12,beb
4,beber,8,beb
9,bebes,2,beb
8,bebi,3,beb
6,bebia,6,beb
11,bebida,2,beb
13,bebidas,2,beb
17,cara,1,beb
19,caroline,1,beb
15,gravar,1,beb
2,gravida,13,beb
14,gravidez,1,beb
7,menina,5,beb
18,meninas,1,beb
1,menino,14,beb
16,meninos,1,beb
12,quero,2,beb
6,amiga,6,brig
9,amigas,3,brig
7,amigos,4,brig
2,briga,15,brig
5,brigado,8,brig
1,brigando,37,brig
4,brigar,8,brig
11,brigaram,1,brig
12,brigas,1,brig
0,brigava,45,brig
13,brigavam,1,brig
10,brigo,1,brig
8,brigou,3,brig
14,briguei,1,brig
3,gente,12,brig
27,acho,1,trabalh
14,dormir,3,trabalh
24,faz,1,trabalh
4,fazendo,8,trabalh
6,fazer,6,trabalh
16,fazia,3,trabalh
23,faziam,1,trabalh
26,ficado,1,trabalh
28,ficam,1,trabalh
29,ficamos,1,trabalh
17,ficando,2,trabalh
7,ficar,6,trabalh
30,ficaria,1,trabalh
15,ficava,3,trabalh
19,novo,2,trabalh
12,trabalha,3,trabalh
22,trabalhador,1,trabalh
21,trabalhadora,1,trabalh
2,trabalhando,48,trabalh
1,trabalhar,50,trabalh
3,trabalhava,28,trabalh
11,trabalhavam,3,trabalh
10,trabalhei,4,trabalh
0,trabalho,79,trabalh
18,trabalhos,2,trabalh
8,voltado,5,trabalh
20,voltando,2,trabalh
13,voltar,3,trabalh
5,voltava,7,trabalh
25,volte,1,trabalh
9,voltei,5,trabalh
10,ganhava,1,tim
2,ganhou,2,tim
5,jogadores,1,tim
9,jogando,1,tim
8,jogar,1,tim
6,jogo,1,tim
7,joguei,1,tim
4,tim,1,tim
0,time,23,tim
1,times,2,tim
3,timido,1,tim
0,casamento,55,casament
7,convite,2,casament
13,dia,1,casament
2,lula,7,casament
8,namorada,2,casament
5,namorado,3,casament
12,namorando,1,casament
3,pedia,6,casament
9,pediam,1,casament
1,pedida,9,casament
10,pedido,1,casament
4,pedir,5,casament
6,pediu,2,casament
11,pedro,1,casament
4,consciencia,3,pes
2,pes,3,pes
3,pesada,3,pes
0,pesado,7,pes
10,pesando,1,pes
8,pesar,1,pes
7,pesava,2,pes
9,pesei,1,pes
1,peso,6,pes
6,pesos,2,pes
11,quer,1,pes
5,queria,3,pes
10,casa,1,noiv
2,casamento,8,noiv
4,casamentos,2,noiv
3,casando,5,noiv
8,casar,1,noiv
9,casava,1,noiv
11,casavam,1,noiv
1,noiva,9,noiv
5,noivado,2,noiv
7,noivar,1,noiv
0,noivo,10,noiv
6,noivos,1,noiv
2,casa,5,trist
3,casando,1,trist
4,casava,1,trist
1,fiquei,12,trist
0,triste,97,trist
2,cara,2,elon
3,caras,1,elon
0,elon,17,elon
1,musk,16,elon
3,chorando,3,luan
0,luan,19,luan
2,santana,11,luan
1,show,12,luan
7,filha,4,nasc
2,filho,10,nasc
8,filhos,2,nasc
13,filhote,1,nasc
3,gravida,9,nasc
14,gravidez,1,nasc
6,nascendo,4,nasc
4,nascer,7,nasc
5,nasceu,5,nasc
9,nasci,1,nasc
0,nascia,22,nasc
12,nascida,1,nasc
1,nascido,20,nasc
10,nascidos,1,nasc
11,nascimento,1,nasc
10,abraca,2,abrac
9,abracado,3,abrac
2,abracando,8,abrac
11,abracar,1,abrac
0,abracava,19,abrac
1,abracei,8,abrac
4,abraco,6,abrac
12,abracou,1,abrac
15,achando,1,abrac
7,casa,4,abrac
5,chorando,5,abrac
13,chorar,1,abrac
8,deu,4,abrac
14,lou,1,abrac
6,louis,5,abrac
3,luan,8,abrac
5,colocado,4,piercing
4,colocar,5,piercing
3,colocava,9,piercing
7,perdi,1,piercing
8,perdia,1,piercing
6,perdido,4,piercing
0,piercing,59,piercing
2,sobrancelha,10,piercing
1,umbigo,13,piercing
5,acordado,14,quer
3,casa,16,quer
21,casaco,1,quer
16,casais,1,quer
22,casal,1,quer
17,casamento,1,quer
19,casar,1,quer
20,casimiro,1,quer
18,casinha,1,quer
23,castro,1,quer
12,faz,2,quer
11,fazendo,3,quer
9,fazer,10,quer
10,fazia,5,quer
15,faziamos,1,quer
7,quer,11,quer
14,querem,1,quer
2,querendo,20,quer
8,querer,11,quer
0,queria,150,quer
6,queriam,14,quer
13,queridos,2,quer
1,quero,44,quer
4,ter,15,quer
7,faz,1,gol
8,fazendo,1,gol
5,fazer,2,gol
1,fazia,19,gol
0,gol,60,gol
6,goleada,1,gol
9,jogador,1,gol
3,jogando,3,gol
4,jogava,2,gol
2,jogo,7,gol
1,cabeca,6,dor
0,dor,39,dor
4,dora,1,dor
3,dores,1,dor
5,doria,1,dor
2,gravida,4,dor
2,album,4,ouv
4,musica,2,ouv
8,musicas,1,ouv
7,ouvi,1,ouv
3,ouvia,4,ouv
1,ouvido,5,ouv
6,ouvidos,1,ouv
0,ouvindo,11,ouv
5,ouvir,2,ouv
0,achava,32,achav
3,achavam,1,achav
4,achavamos,1,achav
2,celular,3,achav
5,celulares,1,achav
1,dinheiro,5,achav
0,mendes,10,mend
2,namorando,3,mend
3,namorava,1,mend
1,shawn,10,mend
5,amiga,1,pra
2,caramba,19,pra
3,ia,8,pra
1,pra,28,pra
0,praia,68,pra
4,praias,1,pra
5,gente,2,nov
3,gravida,13,nov
1,nova,28,nov
0,novo,89,nov
7,novos,1,nov
4,queria,4,nov
6,quero,2,nov
2,york,14,nov
5,banho,13,tom
7,holland,10,tom
3,tom,20,tom
9,toma,2,tom
14,tomada,1,tom
8,tomado,5,tom
0,tomando,46,tom
1,tomar,26,tom
6,tomara,11,tom
11,tomaram,2,tom
2,tomava,24,tom
13,tomavam,1,tom
4,tomei,15,tom
12,tomo,2,tom
10,tomou,2,tom
3,camisa,3,flameng
0,flamengo,30,flameng
8,ganha,1,flameng
6,ganhado,1,flameng
7,ganhando,1,flameng
9,ganhar,1,flameng
1,ganhava,8,flameng
2,goias,4,flameng
5,venceu,2,flameng
4,vencia,3,flameng
0,bola,14,bol
9,bolada,1,bol
6,bolado,1,bol
7,bolando,1,bol
8,bolar,1,bol
5,bolas,2,bol
2,bolo,9,bol
4,fazendo,3,bol
11,fazer,1,bol
1,jogando,11,bol
3,jogar,4,bol
10,jogava,1,bol
1,mc,4,poz
0,poze,17,poz
2,show,3,poz
1,ter,18,vai
0,vai,20,vai
2,vou,4,vai
3,alguem,4,cri
8,conta,3,cri
14,contar,1,cri
15,contas,1,cri
5,cria,3,cri
13,criadas,1,cri
4,criado,3,cri
10,criados,2,cri
11,crianca,1,cri
2,criando,4,cri
1,criar,8,cri
9,criaram,2,cri
12,criarem,1,cri
7,crias,3,cri
0,criava,13,cri
6,criei,3,cri
3,ia,5,pres
2,mae,5,pres
0,presa,31,pres
5,presidio,1,pres
1,preso,26,pres
4,presos,1,pres
3,amizade,10,fiz
7,fazer,3,fiz
4,festa,10,fiz
9,festas,1,fiz
0,fiz,106,fiz
5,fizemos,5,fiz
8,fizer,1,fiz
1,fizeram,17,fiz
6,fizesse,4,fiz
2,tatuagem,13,fiz
6,atrasada,6,cheg
14,atrasado,1,cheg
2,casa,9,cheg
13,casamento,1,cheg
11,casando,1,cheg
12,casava,1,cheg
3,chega,8,cheg
1,chegado,15,cheg
9,chegamos,2,cheg
7,chegando,5,cheg
5,chegar,6,cheg
10,chegaram,1,cheg
0,chegava,31,cheg
8,chegavam,4,cheg
4,chegou,7,cheg
3,bairro,1,neym
2,namorando,1,neym
1,namorava,1,neym
0,neymar,17,neym
8,coma,4,com
15,come,2,com
20,comecaram,1,com
18,comecavam,1,com
17,comemos,1,com
0,comendo,96,com
2,comer,45,com
16,comeram,2,com
23,comerem,1,com
14,comeu,2,com
5,comi,17,com
1,comia,45,com
4,comida,21,com
11,comidas,3,com
7,comido,9,com
22,comidos,1,com
10,comprar,4,com
21,comprava,1,com
19,compromissos,1,com
24,faz,1,com
12,fazendo,3,com
6,fazer,9,com
13,fazia,2,com
25,faziam,1,com
26,querendo,1,com
27,quermesse,1,com
9,quero,4,com
3,vontade,31,com
1,andre,7,paul
4,ficando,3,paul
7,ficar,1,paul
2,ficava,4,paul
3,paul,4,paul
6,paula,1,paul
5,paulada,2,paul
0,paulo,73,paul
12,auto,1,brac
0,braco,53,brac
1,bracos,14,brac
6,fazendo,3,brac
9,fazer,2,brac
7,fazia,3,brac
5,fechado,4,brac
13,fechados,1,brac
15,fechando,1,brac
10,fechava,1,brac
14,fechei,1,brac
16,ficado,1,brac
17,ficando,1,brac
4,ficava,5,brac
3,tatuado,7,brac
2,tatuagem,9,brac
8,tatuando,2,brac
11,tatuei,1,brac
1,casa,13,entrav
4,casando,1,entrav
0,entrava,29,entrav
3,entravam,2,entrav
2,gatos,4,entrav
2,comprado,44,compr
11,compramos,1,compr
3,comprando,31,compr
1,comprar,54,compr
7,compras,6,compr
0,comprava,57,compr
4,comprei,29,compr
10,comprou,3,compr
8,fazendo,5,compr
6,fazer,7,compr
9,fazia,4,compr
5,ia,15,compr
5,conversa,4,convers
9,conversado,2,convers
10,conversamos,2,convers
0,conversando,22,convers
2,conversar,14,convers
4,conversas,5,convers
1,conversava,18,convers
8,conversei,3,convers
7,converso,3,convers
3,gente,10,convers
6,voltado,4,convers
13,voltava,1,convers
11,voltavam,1,convers
12,voltei,1,convers
2,ansiedade,3,cris
0,crise,6,cris
1,tendo,6,cris
3,chorando,2,enem
5,chorava,1,enem
0,enem,19,enem
1,fazendo,9,enem
2,fazer,5,enem
4,fazia,1,enem
0,baco,6,bac
3,caramba,1,bac
2,namorando,1,bac
1,namorava,2,bac
1,dua,13,lip
0,lipa,13,lip
3,lipo,1,lip
2,show,7,lip
4,casa,12,volt
15,castro,1,volt
18,ficado,1,volt
9,ficar,5,volt
17,ficaram,1,volt
11,ficava,3,volt
16,ficavam,1,volt
19,ficha,1,volt
3,volta,14,volt
0,voltado,59,volt
7,voltando,6,volt
2,voltar,26,volt
10,voltaram,4,volt
12,voltarem,1,volt
14,voltas,1,volt
1,voltava,58,volt
6,voltavam,6,volt
13,volte,1,volt
5,voltei,10,volt
8,voltou,6,volt
2,bebe,9,cuid
6,bebezinho,2,cuid
4,casa,6,cuid
5,cuidado,5,cuid
10,cuidados,1,cuid
0,cuidando,16,cuid
3,cuidar,8,cuid
1,cuidava,11,cuid
9,cuide,1,cuid
8,cuidei,1,cuid
7,cuidou,1,cuid
2,ganhado,5,iphon
1,ganhava,11,iphon
0,iphone,26,iphon
4,iphones,1,iphon
3,treze,5,iphon
2,casa,14,prim
9,casamento,1,prim
8,casando,1,prim
10,casas,1,prim
7,casava,1,prim
3,familia,10,prim
0,prima,42,prim
6,primas,3,prim
4,prime,5,prim
1,primo,31,prim
5,primos,4,prim
2,bebendo,1,churrasc
0,churrasco,9,churrasc
1,lula,2,churrasc
2,cara,5,soc
8,caras,1,soc
1,sai,6,soc
3,saia,4,soc
4,socando,3,soc
7,socar,1,soc
5,socava,2,soc
0,soco,11,soc
6,socos,2,soc
6,casa,7,pass
18,casada,2,pass
21,casando,1,pass
20,faz,1,pass
8,fazendo,5,pass
12,fazer,4,pass
17,fazia,2,pass
14,passa,2,pass
2,passado,25,pass
19,passagens,1,pass
11,passamos,4,pass
0,passando,32,pass
3,passar,23,pass
1,passava,30,pass
9,passavam,5,pass
7,passeando,6,pass
10,passear,5,pass
16,passeava,2,pass
4,passei,20,pass
13,passo,3,pass
15,passos,2,pass
5,passou,9,pass
8,acabava,1,cai
6,bizarro,3,cai
5,cai,3,cai
0,caia,16,cai
2,caiam,7,cai
1,dente,9,cai
4,dentes,5,cai
7,porra,2,cai
3,porrada,7,cai
6,namorada,2,vid
5,namorando,7,vid
2,namorava,11,vid
7,namoro,2,vid
4,vi,8,vid
8,via,1,vid
0,vida,74,vid
1,video,24,vid
3,videos,10,vid
9,vivendo,1,vid
1,conta,17,cont
4,contando,4,cont
2,contar,10,cont
11,contas,1,cont
6,contava,3,cont
9,contei,1,cont
10,contem,1,cont
5,conto,3,cont
7,contos,2,cont
8,contou,1,cont
3,mil,6,cont
0,vou,20,cont
0,baseado,10,bas
1,fumando,7,bas
2,fumar,2,bas
4,fumava,1,bas
3,moscou,2,bas
1,casa,4,projet
7,fazendo,1,projet
8,fazer,1,projet
3,fazia,2,projet
4,projetando,2,projet
2,projetar,3,projet
5,projetava,1,projet
0,projeto,17,projet
6,projetos,1,projet
1,flamengo,8,libert
6,ganha,1,libert
2,ganhava,4,libert
7,ganhou,1,libert
5,liberta,1,libert
0,libertadores,23,libert
4,libertar,1,libert
3,libertaram,1,libert
10,baseadao,2,fum
6,baseado,3,fum
14,baseados,1,fum
5,cigarro,5,fum
12,cigarros,1,fum
11,fuma,1,fum
7,fumado,3,fum
0,fumando,41,fum
4,fumar,9,fum
2,fumava,15,fum
3,fumei,11,fum
9,fumo,2,fum
13,gosto,1,fum
1,maconha,17,fum
15,novo,1,fum
8,pai,3,fum
0,coruja,5,coruj
1,sentava,2,coruj
2,uhuu,2,coruj
3,descendo,5,desc
1,descer,6,desc
4,desceu,4,desc
7,desci,1,desc
0,descia,8,desc
8,desciam,1,desc
6,descido,2,desc
5,gravida,3,desc
2,menstruacao,6,desc
16,assaltado,1,lev
18,assaltar,1,lev
17,assalto,1,lev
4,cara,10,lev
19,caros,1,lev
12,levada,1,lev
3,levado,14,lev
11,levamos,1,lev
9,levando,3,lev
5,levar,8,lev
13,levarem,1,lev
0,levava,47,lev
14,levavam,1,lev
7,leve,6,lev
2,levei,20,lev
10,levi,2,lev
8,levou,3,lev
15,tirei,1,lev
1,tiro,33,lev
6,tiros,8,lev
0,anos,8,anos
2,falava,1,anos
3,falo,1,anos
1,ia,3,anos
3,amiga,2,sobrinh
2,gravida,3,sobrinh
1,sobrinha,5,sobrinh
0,sobrinho,10,sobrinh
6,amiga,3,viaj
9,amigas,1,viaj
7,amigos,3,viaj
3,ia,10,viaj
5,viajado,4,viaj
1,viajando,22,viaj
2,viajar,20,viaj
0,viajava,24,viaj
4,viajei,5,viaj
8,viajo,1,viaj
2,gravida,10,mae
3,ia,7,mae
0,mae,109,mae
1,menina,13,mae
5,meninas,1,mae
4,menino,5,mae
0,boa,90,boa
1,casa,6,boa
6,casal,1,boa
4,casando,3,boa
5,faz,2,boa
7,fazendo,1,boa
3,fazer,3,boa
2,fazia,4,boa
6,nova,1,saudad
2,novo,10,saudad
1,saudade,54,saudad
0,saudades,57,saudad
5,voltado,2,saudad
7,voltar,1,saudad
3,voltava,5,saudad
4,voltei,2,saudad
3,amiga,2,ido
2,amigos,4,ido
0,ido,108,ido
1,show,14,ido
4,shows,1,ido
19,alguem,1,pai
1,casa,9,pai
16,casal,1,pai
9,casando,2,pai
18,casar,1,pai
6,linda,2,pai
3,menina,3,pai
13,meninas,1,pai
8,menino,2,pai
0,pai,158,pai
12,paia,1,pai
11,pais,1,pai
20,querendo,1,pai
10,querer,2,pai
2,queria,4,pai
4,quero,3,pai
5,virado,3,pai
17,virar,1,pai
15,virava,1,pai
14,vire,1,pai
7,virei,2,pai
2,dormindo,3,sal
1,menina,3,sal
3,menino,2,sal
4,meninos,1,sal
0,sala,21,sal
0,andando,59,andand
1,rua,6,andand
4,ruas,2,andand
2,sai,3,andand
3,saia,2,andand
8,saiam,1,andand
5,saido,2,andand
7,sair,1,andand
6,saiu,1,andand
8,encontra,2,encontr
6,encontrado,19,encontr
10,encontrados,2,encontr
7,encontramos,6,encontr
11,encontrando,1,encontr
3,encontrar,22,encontr
0,encontrava,87,encontr
13,encontravam,1,encontr
12,encontravamos,1,encontr
1,encontrei,56,encontr
2,encontro,26,encontr
9,encontrou,2,encontr
4,gente,22,encontr
5,ia,20,encontr
15,iam,1,encontr
14,iamos,1,encontr
0,comigo,42,comig
6,fala,2,comig
3,falando,7,comig
1,falar,16,comig
9,falaram,1,comig
8,falarem,1,comig
2,falava,9,comig
10,falei,1,comig
7,falem,2,comig
11,falou,1,comig
5,ficar,3,comig
4,ficava,3,comig
4,declarado,2,declar
2,declarando,3,declar
1,declarar,3,declar
0,declarava,5,declar
8,declaravam,1,declar
3,declarou,3,declar
7,pessoa,2,declar
5,pessoas,2,declar
9,querendo,1,declar
6,queria,2,declar
0,alguem,69,algu
4,faz,4,algu
3,fazendo,5,algu
1,fazer,9,algu
2,fazia,6,algu
7,mata,2,algu
8,matar,1,algu
5,matava,3,algu
6,matei,2,algu
2,dava,9,posit
0,positivo,10,posit
3,positivos,2,posit
1,teste,10,posit
4,testes,2,posit
5,fazendo,1,pedrinh
4,fazia,1,pedrinh
1,mc,4,pedrinh
3,mcs,1,pedrinh
2,pedrinhas,1,pedrinh
0,pedrinho,5,pedrinh
0,disney,21,disney
1,gente,2,disney
2,ter,2,disney
0,atacada,11,atac
4,atacado,3,atac
2,atacando,6,atac
7,atacar,2,atac
5,atacava,3,atac
6,atacavam,2,atac
1,atacou,6,atac
9,cachorro,2,atac
10,cachorros,1,atac
3,dia,4,atac
8,dias,2,atac
2,festa,2,lariss
0,larissa,8,lariss
1,manoela,8,lariss
1,avo,2,saiu
3,bebada,1,saiu
2,bebe,1,saiu
0,saiu,17,saiu
6,cara,3,tra
11,carlos,1,tra
9,carnes,1,tra
10,carol,1,tra
12,caroline,1,tra
5,sendo,5,tra
7,trai,2,tra
1,traia,20,tra
8,traicao,1,tra
3,traida,8,tra
4,traido,8,tra
0,traindo,20,tra
2,traiu,14,tra
10,acordar,1,particip
9,acordou,1,particip
1,bbb,7,particip
8,bbb22,1,particip
7,bbb23,1,particip
2,participado,5,particip
3,participando,5,particip
4,participante,3,particip
5,participar,2,particip
0,participava,12,particip
6,participei,2,particip
11,comecar,1,toc
12,comecava,1,toc
6,comecei,2,toc
7,comecou,2,toc
4,despertador,15,toc
8,toca,1,toc
5,tocado,2,toc
0,tocando,28,toc
1,tocar,18,toc
3,tocava,15,toc
9,tocavam,1,toc
10,toco,1,toc
2,tocou,17,toc
5,dia,6,viv
11,mundao,1,viv
4,mundo,6,viv
10,vivara,1,viv
8,vive,1,viv
3,vivendo,9,viv
2,viver,11,viv
6,vivi,3,viv
1,vivia,13,viv
9,viviam,1,viv
0,vivo,18,viv
7,vivos,2,viv
1,colocado,6,silicon
6,colocar,1,silicon
4,colocava,2,silicon
7,peitinhos,1,silicon
2,peito,5,silicon
8,peitoes,1,silicon
9,peituda,1,silicon
3,siliconada,3,silicon
0,silicone,19,silicon
5,silicones,1,silicon
0,cabeca,13,cabec
1,cabelo,5,cabec
2,caia,5,cabec
4,raspado,2,cabec
3,raspava,3,cabec
5,raspei,2,cabec
7,raspou,1,cabec
6,sozinho,2,cabec
2,comigo,4,termin
9,namorado,1,termin
8,namoram,1,termin
3,namoro,3,termin
1,terminado,6,termin
6,terminando,1,termin
0,terminava,6,termin
4,terminavam,1,termin
5,terminei,1,termin
7,terminou,1,termin
9,bioquimica,2,prov
7,escola,5,prov
11,faz,1,prov
10,faze,1,prov
1,fazendo,13,prov
2,fazer,11,prov
8,fazia,2,prov
0,prova,62,prov
6,provas,5,prov
4,tirado,7,prov
12,tirasse,1,prov
5,tirava,6,prov
3,tirei,11,prov
3,adotado,2,cachorrinh
4,cachorrinha,2,cachorrinh
5,cachorrinhas,1,cachorrinh
0,cachorrinho,12,cachorrinh
2,cachorrinhos,3,cachorrinh
1,ganhado,3,cachorrinh
6,ganhava,1,cachorrinh
6,acordado,7,acord
8,acordando,3,acord
1,acordar,24,acord
2,acordava,14,acord
7,acordo,3,acord
9,acordou,1,acord
5,cheirando,8,acord
3,fiquei,9,acord
4,flor,8,acord
0,triste,28,acord
2,amiga,4,juliett
4,amigas,1,juliett
3,amigos,1,juliett
0,juliette,33,juliett
1,show,7,juliett
6,faze,1,tatuag
1,fazendo,13,tatuag
3,fazer,6,tatuag
2,fazia,11,tatuag
5,queria,2,tatuag
4,quero,4,tatuag
0,tatuagem,32,tatuag
1,bala,7,bal
0,balada,11,bal
5,balas,1,bal
2,bale,3,bal
8,baleada,1,bal
6,baleava,1,bal
7,baleia,1,bal
10,baleias,1,bal
4,comigo,2,bal
9,fazer,1,bal
3,fazia,3,bal
6,comprado,1,loucur
8,compramos,1,loucur
4,comprando,2,loucur
7,comprava,1,loucur
2,comprei,3,loucur
0,loucura,92,loucur
5,loucuras,1,loucur
10,namorada,1,loucur
1,namorando,4,loucur
3,namorar,2,loucur
9,namorava,1,loucur
0,barrigao,12,barriga
1,gravida,12,barriga
2,repreendido,2,barriga
6,gemas,1,gem
5,gemea,1,gem
2,gemeas,9,gem
0,gemeos,45,gem
1,gravida,27,gem
7,gravidez,1,gem
4,livre,3,gem
10,menina,1,gem
3,meninas,3,gem
9,menino,1,gem
8,meninos,1,gem
4,estagiando,1,estagi
3,estagiar,2,estagi
6,estagiaria,1,estagi
0,estagio,13,estagi
1,fazendo,4,estagi
5,fazia,1,estagi
2,vem,3,estagi
0,aniversario,45,aniversari
4,dava,8,aniversari
7,esqueceu,2,aniversari
6,esquecia,3,aniversari
5,esquecido,6,aniversari
2,feliz,11,aniversari
9,fiquei,2,aniversari
3,mundo,10,aniversari
1,parabens,12,aniversari
8,sendo,2,aniversari
10,tempo,2,aniversari
2,falando,3,fez
3,falar,2,fez
6,falava,2,fez
5,falou,2,fez
0,fez,89,fez
4,fezes,2,fez
1,show,9,fez
5,ganhado,1,nen
2,ganhava,2,nen
1,menina,3,nen
3,menino,2,nen
0,nenem,14,nen
4,nenes,1,nen
5,ganhado,4,mil
1,ganhava,8,mil
6,ganhei,3,mil
7,ganhou,1,mil
0,mil,30,mil
3,novecentos,7,mil
2,oitenta,7,mil
4,reais,4,mil
2,bbb,4,entrad
3,casa,3,entrad
1,entrada,4,entrad
4,entradas,1,entrad
0,entrado,14,entrad
0,amo,14,amo
2,casa,3,amo
4,casando,1,amo
1,falava,4,amo
3,falou,1,amo
6,anos,1,flor
2,flor,1,flor
0,flores,6,flor
3,florida,1,flor
4,ganhado,1,flor
5,ganhando,1,flor
1,ganhava,4,flor
8,abracava,1,lul
4,conheci,2,lul
2,conhecia,3,lul
5,eleicao,2,lul
0,lula,15,lul
3,votando,2,lul
1,votar,5,lul
7,votava,1,lul
6,votei,1,lul
0,furado,14,fur
4,furando,4,fur
7,furar,1,fur
8,furaram,1,fur
1,furava,5,fur
2,furei,5,fur
6,furia,3,fur
9,furou,1,fur
3,lingua,5,fur
5,umbigo,4,fur
10,umbiguinho,1,fur
0,gravida,11,repreend
3,jesus,3,repreend
2,repreende,4,repreend
4,repreendendo,2,repreend
1,repreendido,7,repreend
2,comendo,6,mcdonald
3,comer,1,mcdonald
0,mcdonald,10,mcdonald
1,s,10,mcdonald
0,apavorada,17,apavor
1,apavorado,7,apavor
4,casando,1,apavor
3,caso,1,apavor
2,gravida,4,apavor
3,billie,1,horror
0,horror,7,horror
2,morria,1,horror
1,morrido,4,horror
3,casa,4,gat
5,fugido,1,gat
6,fugiu,1,gat
2,gata,5,gat
4,gatas,1,gat
0,gato,13,gat
1,gatos,6,gat
0,brasil,8,brasil
1,copa,7,brasil
4,ganhado,1,brasil
3,ganhando,1,brasil
2,ganhava,3,brasil
5,ganhou,1,brasil
3,dia,7,receb
10,diagnostico,1,receb
8,receba,1,receb
4,recebendo,6,receb
5,receber,4,receb
9,recebera,1,receb
7,receberia,1,receb
2,recebi,12,receb
0,recebia,37,receb
1,recebido,15,receb
12,trabalhando,1,receb
11,trabalhar,1,receb
6,trabalho,4,receb
0,boate,13,boat
2,dancando,12,boat
3,dancar,1,boat
1,moscou,13,boat
3,anunciado,2,turn
2,anunciava,6,turn
6,anunciavam,1,turn
5,anunciou,1,turn
1,brasil,6,turn
0,turne,10,turn
4,turner,1,turn
0,andar,7,andar
2,aprendia,2,andar
1,bicicleta,7,andar
1,ano,1,avo
2,assumir,1,avo
0,avo,8,avo
14,casamos,1,dia
13,casando,1,dia
0,dia,104,dia
10,dias,1,dia
2,gente,8,dia
6,gravida,3,dia
11,gravidas,1,dia
7,passa,3,dia
9,passado,2,dia
8,passando,3,dia
5,passar,4,dia
12,passaram,1,dia
3,passava,7,dia
1,passei,13,dia
4,passou,5,dia
0,angeles,7,angel
2,indo,3,angel
1,los,7,angel
0,album,18,album
2,lancado,5,album
5,lancamentos,1,album
4,lancando,1,album
1,lancava,7,album
6,lancou,1,album
3,musicas,3,album
4,almocando,1,feijo
5,almoco,1,feijo
3,comendo,1,feijo
1,comer,2,feijo
2,comia,2,feijo
0,feijoada,6,feijo
1,gente,7,sup
4,querendo,4,sup
3,queria,4,sup
5,queriam,2,sup
2,quero,6,sup
0,super,57,sup
7,supera,1,sup
6,superei,1,sup
0,casal,4,casal
2,chamarem,1,casal
1,marmita,3,casal
0,corinthians,37,corinthians
5,ganha,3,corinthians
9,ganhar,1,corinthians
8,ganharia,1,corinthians
1,ganhava,13,corinthians
4,jogando,3,corinthians
7,jogava,1,corinthians
3,jogo,7,corinthians
6,jogos,1,corinthians
2,paulo,12,corinthians
0,cruzeiro,7,cruzeir
1,fazendo,2,cruzeir
2,legal,2,cruzeir
1,adotado,14,gatinh
9,adotando,2,gatinh
11,adotar,1,gatinh
3,adotava,6,gatinh
4,adotei,4,gatinh
5,casa,3,gatinh
6,gatinha,3,gatinh
10,gatinhas,1,gatinh
0,gatinho,34,gatinh
2,gatinhos,10,gatinh
12,querendo,1,gatinh
8,quero,2,gatinh
7,triste,3,gatinh
0,indo,77,indo
2,morar,5,indo
1,show,9,indo
6,bolsonaro,1,esfaqu
5,esfaqueada,1,esfaqu
4,esfaqueado,1,esfaqu
3,esfaqueando,1,esfaqu
2,esfaqueei,1,esfaqu
1,esfaqueou,1,esfaqu
0,sendo,2,esfaqu
1,elizabeth,4,rainh
4,morreu,1,rainh
2,morria,2,rainh
3,morrido,1,rainh
0,rainha,5,rainh
6,achando,2,sonh
14,acordar,1,sonh
4,acordava,3,sonh
7,acordo,2,sonh
11,quer,1,sonh
13,querendo,1,sonh
3,queria,6,sonh
12,queriam,1,sonh
5,quero,3,sonh
8,sonha,1,sonh
10,sonhada,1,sonh
1,sonhando,14,sonh
2,sonhar,7,sonh
9,sonhava,1,sonh
0,sonhos,25,sonh
2,carta,2,lia
0,lia,14,lia
1,livro,2,lia
3,livros,1,lia
5,cabelo,4,surt
0,cara,13,surt
12,cards,1,surt
11,carla,1,surt
4,surtada,4,surt
6,surtado,3,surt
7,surtando,3,surt
8,surtar,2,surt
3,surtava,5,surt
10,surtavam,1,surt
2,surtei,7,surt
1,surto,11,surt
9,surtos,1,surt
8,amiga,1,ex
0,ex,25,ex
7,ficando,1,ex
9,ficava,1,ex
6,namorada,1,ex
3,namorado,4,ex
5,namorando,1,ex
4,namorava,1,ex
2,voltado,7,ex
1,voltava,10,ex
5,agonia,3,dent
14,assustei,1,dent
1,dente,12,dent
0,dentes,20,dent
9,dentista,1,dent
13,medo,1,dent
6,perdendo,2,dent
10,perdi,1,dent
4,perdia,3,dent
3,quebrado,4,dent
8,quebrando,1,dent
11,quebrava,1,dent
12,quebravam,1,dent
7,quebrei,1,dent
2,todos,12,dent
1,arrumava,1,whindersson
2,boas,1,whindersson
0,whindersson,4,whindersson
2,fazendo,2,tatuagens
3,fazer,1,tatuagens
1,fazia,5,tatuagens
4,querendo,1,tatuagens
5,queria,1,tatuagens
0,tatuagens,13,tatuagens
0,azul,14,azul
1,cabelo,14,azul
4,pintado,2,azul
5,pintando,1,azul
3,pintava,4,azul
2,pintei,7,azul
0,chorando,49,chor
5,chorar,9,chor
4,chorava,11,chor
1,chorei,16,chor
11,dormia,2,chor
13,dormindo,1,chor
8,dormir,3,chor
9,gravida,2,chor
7,morrendo,3,chor
10,morrer,2,chor
6,morreu,3,chor
2,morria,16,chor
3,morrido,13,chor
12,verdade,2,chor
0,del,18,del
1,lana,18,del
2,rey,18,del
2,show,4,tash
0,tasha,11,tash
1,tracie,11,tash
9,assumi,1,assum
0,assumia,19,assum
5,assumiam,2,assum
2,assumido,4,assum
7,assumindo,1,assum
3,assumir,4,assum
10,assumiu,1,assum
1,mae,5,assum
6,namorado,2,assum
8,namorando,1,assum
11,namorava,1,assum
4,namoro,2,assum
7,faz,1,sortei
8,fazendo,1,sortei
5,fazia,2,sortei
2,ganhado,4,sortei
4,ganhamos,2,sortei
1,ganhava,7,sortei
3,ganhei,3,sortei
6,ganho,1,sortei
0,sorteio,18,sortei
2,alguem,3,dev
0,devo,20,dev
1,preocupar,20,dev
7,compra,1,roup
6,comprado,2,roup
3,comprando,6,roup
2,comprar,10,roup
8,compras,1,roup
4,comprava,4,roup
9,faz,1,roup
5,fazendo,2,roup
10,fazer,1,roup
0,roupa,24,roup
1,roupas,12,roup
1,bonito,1,draga
2,conseguia,1,draga
0,dragao,4,draga
1,casa,3,odi
8,casalzinho,1,odi
10,casando,1,odi
7,caso,1,odi
3,menina,2,odi
5,menino,2,odi
9,odiando,1,odi
6,odiar,1,odi
2,odiava,2,odi
4,odiei,2,odi
0,odio,28,odi
1,achando,1,colic
0,colica,5,colic
2,gravida,1,colic
5,beijava,1,desped
1,despedia,2,desped
4,despedida,1,desped
3,despedido,1,desped
0,despedindo,3,desped
2,mundo,2,desped
0,caido,26,caid
1,celular,19,caid
3,dente,2,caid
2,dentes,3,caid
8,comprando,1,maconh
5,comprar,2,maconh
7,comprava,1,maconh
4,comprei,2,maconh
1,fumando,8,maconh
2,fumar,2,maconh
3,fumava,2,maconh
6,fumei,1,maconh
0,maconha,35,maconh
1,casa,1,gil
0,gilberto,6,gil
4,adorar,1,limp
0,casa,3,limp
1,limpa,2,limp
2,limpando,2,limp
3,limpava,1,limp
0,lendo,8,lend
2,ler,2,lend
4,livraria,1,lend
1,livro,6,lend
3,livros,1,lend
0,billie,9,billi
1,morrer,2,billi
2,querendo,2,billi
0,luisa,42,luis
2,show,5,luis
1,sonza,42,luis
4,alguem,6,cham
13,chama,1,cham
7,chamada,3,cham
8,chamado,3,cham
14,chamados,1,cham
5,chamando,5,cham
9,chamar,2,cham
12,chamas,1,cham
0,chamava,16,cham
15,chamavam,1,cham
11,chamou,2,cham
6,lembrando,4,cham
2,lembrar,7,cham
10,lembrava,2,cham
1,lembrei,11,cham
3,lembro,6,cham
9,carrao,1,dirig
8,carrinho,1,dirig
1,carro,15,dirig
7,dirigi,1,dirig
3,dirigia,13,dirig
6,dirigido,1,dirig
0,dirigindo,44,dirig
2,dirigir,14,dirig
4,onibus,5,dirig
5,sabia,4,dirig
3,falado,2,ter
5,falar,1,ter
2,falava,4,ter
1,ia,48,ter
0,ter,62,ter
4,terem,1,ter
2,cara,3,sequestr
0,sequestrada,12,sequestr
1,sequestrar,6,sequestr
5,sequestraram,1,sequestr
3,sequestrava,2,sequestr
4,tentava,2,sequestr
7,tentavam,1,sequestr
6,tentou,1,sequestr
5,cara,3,trans
8,caramba,1,trans
9,carencia,1,trans
7,carnaval,1,trans
10,carro,1,trans
3,gente,4,trans
6,transado,1,trans
1,transando,13,trans
4,transar,3,trans
0,transava,15,trans
2,transei,7,trans
11,ajuda,1,lut
12,ajudando,1,lut
9,ajudar,1,lut
10,ajudava,1,lut
3,gente,6,lut
6,luta,3,lut
0,lutando,12,lut
1,lutar,7,lut
8,lutas,1,lut
2,lutava,7,lut
7,lute,2,lut
5,lutei,3,lut
4,luto,5,lut
0,acidente,17,acident
2,carro,6,acident
4,sofri,4,acident
1,sofria,8,acident
3,sofrido,5,acident
2,ia,5,jao
0,jao,18,jao
1,show,14,jao
3,acabado,2,acab
1,acabando,8,acab
2,acabava,4,acab
4,acabou,2,acab
5,luz,2,acab
0,mundo,13,acab
2,grupo,3,k
0,k,10,k
1,pop,10,k
1,bebe,8,rihann
4,nascia,3,rihann
3,nascido,3,rihann
2,paria,3,rihann
5,parido,2,rihann
6,pariu,1,rihann
0,rihanna,17,rihann
3,jacare,1,normal
0,normal,4,normal
1,voltado,2,normal
2,voltava,1,normal
1,cachorro,1,fumant
2,certeza,1,fumant
0,fumante,6,fumant
0,hora,11,hor
4,horas,1,hor
2,perdi,5,hor
1,perdia,6,hor
5,perdido,1,hor
3,sabado,3,hor
6,amiga,5,rol
8,amigos,5,rol
2,casa,9,rol
13,casar,1,rol
12,castro,1,rol
10,rola,3,rol
1,rolando,13,rol
5,rolar,5,rol
9,rolava,4,rol
0,role,89,rol
11,rolei,1,rol
7,roles,5,rol
3,rolo,8,rol
4,rolou,6,rol
0,barba,15,barb
4,barbearia,1,barb
2,bigode,2,barb
3,tirado,2,barb
1,tirava,2,barb
5,tirei,1,barb
3,faculdade,6,professor
2,historia,6,professor
1,professor,35,professor
0,professora,36,professor
5,professoras,1,professor
4,professores,5,professor
7,acontecer,1,program
6,acontecido,1,program
1,fazendo,2,program
5,fazia,1,program
0,programa,12,program
2,programador,1,program
4,programando,1,program
3,programas,1,program
1,acordar,1,piolh
2,ivan,1,piolh
0,piolhos,6,piolh
10,aprendendo,1,mot
3,comprado,2,mot
4,comprar,1,mot
2,comprava,3,mot
7,comprei,1,mot
8,ganhando,1,mot
9,ganhava,1,mot
0,moto,17,mot
1,pilotando,4,mot
6,pilotar,1,mot
5,pilotava,1,mot
3,caramba,3,pern
2,dor,4,pern
4,dormia,1,pern
0,perna,20,pern
1,pernas,5,pern
10,namorada,2,ped
14,namorado,1,ped
5,namorar,4,ped
13,namorava,1,ped
0,namoro,38,ped
8,pedi,2,ped
2,pedia,13,ped
9,pediam,2,ped
1,pedida,16,ped
4,pedido,7,ped
7,pedindo,2,ped
12,pedir,1,ped
11,pediram,1,ped
3,pediu,9,ped
15,quer,1,ped
6,queria,4,ped
16,quero,1,ped
0,tiktok,3,tiktok
3,video,1,tiktok
4,videos,1,tiktok
1,viralizado,2,tiktok
2,viralizavam,1,tiktok
0,amamentando,13,amament
2,amamentava,3,amament
1,bebe,8,amament
3,crianca,3,amament
4,abracava,1,socorr
2,abracei,1,socorr
3,abraco,1,socorr
1,gente,3,socorr
0,socorro,17,socorr
1,desesperada,2,faculdad
2,estudar,1,faculdad
3,estudava,1,faculdad
0,faculdade,12,faculdad
3,amigos,1,ital
0,italia,9,ital
1,morando,1,ital
2,morava,1,ital
0,mcfly,7,mcfly
1,show,7,mcfly
2,vou,3,mcfly
2,gravida,3,vez
4,namorado,1,vez
1,namorando,3,vez
3,namorava,2,vez
0,vezes,14,vez
5,comecando,1,traumatiz
6,comecavam,1,traumatiz
4,comecei,1,traumatiz
2,namorar,2,traumatiz
0,traumatizada,8,traumatiz
1,traumatizado,2,traumatiz
3,traumatizou,1,traumatiz
5,achando,1,cancel
3,cancela,1,cancel
0,cancelada,4,cancel
1,cancelado,4,cancel
4,cancelar,1,cancel
2,sendo,2,cancel
2,acontece,1,ruim
4,acontecer,1,ruim
5,aconteceu,1,ruim
3,acontecia,1,ruim
1,pesadelo,4,ruim
0,ruim,41,ruim
7,acordado,1,atras
8,acordava,1,atras
0,atrasada,10,atras
2,atrasado,4,atras
4,atrasando,1,atras
1,atrasava,4,atras
5,atrasei,1,atras
6,trabalhar,1,atras
3,trabalho,3,atras
4,alguem,3,tent
11,mata,1,tent
13,matado,1,tent
12,matando,1,tent
0,matar,34,tent
6,matava,2,tent
10,tentado,1,tent
1,tentando,15,tent
7,tentar,2,tent
8,tentaram,2,tent
2,tentava,11,tent
3,tentavam,5,tent
9,tentei,1,tent
5,tentou,3,tent
13,ficado,1,grit
18,ficamos,1,grit
16,ficando,1,grit
9,ficar,2,grit
3,ficava,5,grit
12,grita,1,grit
14,gritado,1,grit
0,gritando,43,grit
5,gritar,4,grit
11,gritaram,1,grit
8,gritaria,2,grit
1,gritava,15,grit
6,gritavam,3,grit
2,gritei,6,grit
15,grito,1,grit
7,gritou,3,grit
20,queremos,1,grit
19,querer,1,grit
4,queria,5,grit
10,queriam,2,grit
17,quero,1,grit
0,cat,14,cat
1,doja,14,cat
3,morreu,1,cat
2,morrido,2,cat
1,desesperada,12,desesper
3,desesperador,3,desesper
2,desespero,6,desesper
0,gravida,21,desesper
4,pensa,2,desesper
1,beira,1,rio
2,dia,1,rio
0,rio,7,rio
2,flamengo,6,jesus
0,jesus,8,jesus
3,voltado,1,jesus
1,voltava,7,jesus
6,arrumada,3,arrum
5,arrumado,4,arrum
0,arrumando,11,arrum
1,arrumar,8,arrum
2,arrumava,7,arrum
4,arrumei,5,arrum
7,casa,3,arrum
9,casamento,1,arrum
8,casar,1,arrum
3,emprego,6,arrum
2,amiga,1,fern
0,fernando,4,fern
1,noronha,4,fern
2,harry,24,lou
4,lou,1,lou
5,louca,1,lou
3,loucura,1,lou
1,louis,28,lou
0,show,29,lou
2,blusa,2,usand
1,drogas,5,usand
0,usando,34,usand
0,aparelho,12,aparelh
5,desesperada,1,aparelh
4,desespero,1,aparelh
1,tirado,6,aparelh
2,tirava,2,aparelh
3,tirei,1,aparelh
0,depressao,23,depressa
3,namorando,1,depressa
2,namorava,2,depressa
1,show,4,depressa
0,bar,37,bar
4,bara,1,bar
7,bebe,1,bar
8,bebendo,1,bar
2,beber,2,bar
6,tom,1,bar
1,tomando,2,bar
3,tomar,1,bar
5,tomou,1,bar
7,fazendo,1,orelh
4,fazia,2,orelh
3,furado,2,orelh
2,furando,2,orelh
6,furava,1,orelh
5,furei,1,orelh
1,furo,4,orelh
0,orelha,11,orelh
3,aniversario,2,buqu
0,buque,16,buqu
4,buques,1,buqu
2,flores,10,buqu
5,ganhado,1,buqu
7,ganhando,1,buqu
1,ganhava,12,buqu
6,ganhei,1,buqu
10,assisti,1,film
3,assistia,4,film
8,assistido,1,film
9,assistindo,1,film
2,assistir,5,film
5,filmada,1,film
6,filmando,1,film
0,filme,36,film
4,filmes,4,film
1,ia,13,film
7,iam,1,film
6,assisti,1,cinem
5,assistia,1,cinem
1,assistindo,9,cinem
2,assistir,5,cinem
0,cinema,17,cinem
4,cinemas,2,cinem
3,ia,4,cinem
0,eleicoes,21,eleico
5,ganha,1,eleico
4,ganhando,1,eleico
2,ganhava,10,eleico
3,ganhou,4,eleico
1,lula,14,eleico
6,lulinha,1,eleico
0,alianca,15,alianc
6,comprar,1,alianc
5,comprei,1,alianc
4,ganhado,1,alianc
2,ganhando,1,alianc
1,ganhava,2,alianc
3,ganhei,1,alianc
0,burger,6,burg
2,comendo,3,burg
3,comia,1,burg
1,king,6,burg
0,atropelada,7,atropel
3,atropelado,4,atropel
8,atropelar,1,atropel
2,atropelava,4,atropel
1,atropelei,5,atropel
9,atropelou,1,atropel
7,morreu,1,atropel
6,morria,2,atropel
10,morrido,1,atropel
4,pessoa,2,atropel
5,pessoas,2,atropel
0,anitta,14,anitt
2,chamada,1,anitt
1,chamou,1,anitt
5,pegando,1,anitt
4,pegava,1,anitt
3,peguei,1,anitt
0,corpo,24,corp
2,corpos,2,corp
3,esconder,2,corp
1,escondia,3,corp
5,matado,1,corp
7,matava,1,corp
6,matei,1,corp
4,matou,2,corp
4,amigos,1,fug
2,fugido,1,fug
0,fugindo,5,fug
1,policia,5,fug
3,policiais,1,fug
3,casa,2,min
6,casar,1,min
7,casava,1,min
5,casou,1,min
4,comigo,2,min
0,mina,12,min
1,minas,4,min
2,mini,2,min
2,amiga,5,jad
0,jade,21,jad
1,picon,21,jad
0,now,4,now
1,speak,4,now
2,taylor,4,now
0,direction,9,direction
1,one,9,direction
2,voltado,5,direction
4,voltar,1,direction
3,voltava,2,direction
1,eclipse,3,vend
3,gravida,2,vend
2,vendendo,3,vend
5,vendesse,1,vend
6,vendi,1,vend
4,vendia,2,vend
0,vendo,12,vend
2,cabelao,4,granda
1,cabelo,5,granda
0,grandao,13,granda
2,celular,5,hack
3,hackeada,4,hack
0,hackeado,12,hack
8,hackeando,1,hack
7,hackear,1,hack
5,hackearam,3,hack
4,hackeavam,4,hack
6,hackeou,1,hack
9,hacker,1,hack
1,instagram,7,hack
0,apocalipse,18,apocalips
2,meio,5,apocalips
1,zumbi,18,apocalips
3,beijava,1,dougi
0,dougie,6,dougi
1,encontrava,1,dougi
2,encontrei,1,dougi
3,alguem,2,explod
9,desesperada,1,explod
8,desesperado,1,explod
7,desespero,1,explod
4,explodi,1,explod
5,explodia,1,explod
1,explodido,3,explod
2,explodindo,2,explod
0,explodir,7,explod
6,explodiu,1,explod
6,menina,3,segu
10,menino,1,segu
0,seguia,8,segu
2,seguida,6,segu
9,seguidas,1,segu
5,seguido,3,segu
8,seguidos,1,segu
7,seguindo,2,segu
1,seguir,7,segu
4,seguiu,4,segu
3,twitter,6,segu
4,comprando,1,pist
3,comprava,1,pist
5,comprei,1,pist
0,pista,11,pist
2,pistas,1,pist
1,premium,3,pist
2,academia,2,malh
5,comecava,1,malh
4,comecei,1,malh
1,malhando,3,malh
0,malhar,5,malh
3,malhava,1,malh
0,henrique,6,henriqu
1,juliano,6,henriqu
2,show,3,henriqu
3,dia,1,trisal
1,namorava,1,trisal
2,namoro,1,trisal
0,trisal,5,trisal
2,dia,2,eleit
0,eleito,6,eleit
1,lula,6,eleit
1,gravida,8,misericord
2,ia,3,misericord
0,misericordia,36,misericord
8,casamento,1,vest
2,casando,3,vest
3,casar,2,vest
7,casava,1,vest
1,ia,3,vest
6,vesti,1,vest
5,vestiam,1,vest
0,vestido,8,vest
4,vestindo,2,vest
2,amiga,2,mai
0,maiara,7,mai
1,maraisa,7,mai
1,gravida,2,pavor
2,menina,1,pavor
3,menino,1,pavor
0,pavor,12,pavor
1,deu,14,vontad
2,fazia,2,vontad
0,vontade,18,vontad
3,acai,1,bah
1,bah,3,bah
0,bahia,5,bah
2,indo,3,bah
0,kids,6,kids
2,show,2,kids
1,stray,6,kids
3,ensinava,1,guitarr
4,ensinou,1,guitarr
0,guitarra,6,guitarr
1,tocando,3,guitarr
2,tocar,2,guitarr
1,dia,3,fer
2,errado,2,fer
0,ferias,12,fer
1,cama,6,xix
2,fazendo,4,xix
4,fazer,2,xix
3,fazia,2,xix
0,xixi,9,xix
2,ar,2,falt
4,calor,1,falt
0,falta,3,falt
3,faltar,1,falt
1,faltava,2,falt
3,gravida,4,menininh
1,linda,6,menininh
6,lindas,1,menininh
5,lindo,1,menininh
0,menininha,6,menininh
4,menininhas,2,menininh
2,menininho,4,menininh
2,conheci,1,harry
3,conhecia,1,harry
0,harry,14,harry
1,styles,14,harry
3,casa,3,louc
6,casada,1,louc
4,casava,2,louc
2,ficando,4,louc
7,ficava,1,louc
1,louca,17,louc
0,louco,37,louc
5,loucos,2,louc
2,acontecia,2,massacr
1,escola,4,massacr
0,massacre,7,massacr
5,chapa,1,chap
1,chapada,5,chap
0,chapado,6,chap
4,chapando,1,chap
2,chapeu,3,chap
7,fumando,1,chap
6,fumei,1,chap
3,lula,2,chap
1,ficando,2,matu
3,ficava,1,matu
0,matue,8,matu
2,show,2,matu
2,cabelo,3,gatilh
3,deu,3,gatilh
0,gatilho,16,gatilh
1,gatilhos,4,gatilh
3,comprar,1,terror
4,comprava,1,terror
2,comprei,1,terror
1,filme,6,terror
0,terror,22,terror
0,bieber,13,bieb
1,justin,13,bieb
2,show,5,bieb
2,namorava,2,swift
0,swift,10,swift
1,taylor,10,swift
3,casa,2,mor
0,morando,5,mor
4,morou,1,mor
1,sozinha,4,mor
2,sozinho,2,mor
3,dia,2,parceir
5,ficar,1,parceir
4,ficava,1,parceir
1,parceira,2,parceir
0,parceiro,12,parceir
2,parceiros,2,parceir
2,anunciado,2,mbapp
4,fechado,1,mbapp
5,fechou,1,mbapp
0,mbappe,10,mbapp
1,psg,3,mbapp
3,real,2,mbapp
4,amiga,1,tip
3,amigas,2,tip
1,amigos,3,tip
10,car,1,tip
2,cara,3,tip
8,caras,1,tip
6,careca,1,tip
11,carregava,1,tip
9,carrinho,1,tip
7,carro,1,tip
0,tipo,43,tip
5,tipos,1,tip
5,ficado,1,ric
3,ficar,1,ric
4,ficava,1,ric
0,rica,6,ric
1,rico,5,ric
2,vou,2,ric
2,casa,2,glor
0,gloria,9,glor
1,groove,9,glor
4,beijando,1,sab
1,dia,2,sab
2,sabado,2,sab
3,sabe,1,sab
0,sabia,6,sab
2,achado,1,ocul
0,oculos,7,ocul
1,quebrado,2,ocul
0,box,7,box
4,boxe,2,box
5,boxes,1,box
2,ganhado,3,box
3,ganhava,2,box
6,ganhei,1,box
1,livros,3,box
4,acredito,1,vap
1,fumando,2,vap
2,fumava,1,vap
3,fumei,1,vap
0,vape,6,vap
0,alegre,12,alegr
2,alegria,1,alegr
5,consegui,1,alegr
4,conseguido,1,alegr
3,porta,1,alegr
1,porto,11,alegr
1,altura,1,voav
2,baixo,1,voav
0,voava,6,voav
2,brasil,3,bts
0,bts,11,bts
1,show,8,bts
2,abria,2,recif
1,nevava,3,recif
0,recife,14,recif
4,amassado,1,amass
5,amassam,1,amass
0,amassando,3,amass
1,amassava,2,amass
7,amassei,1,amass
3,amassos,2,amass
6,amassou,1,amass
2,doido,2,amass
8,jogando,1,amass
9,jogar,1,amass
2,amiga,2,kyli
3,amigos,1,kyli
1,jenner,6,kyli
0,kylie,7,kyli
3,casa,1,estimaca
4,chamado,1,estimaca
0,estimacao,7,estimaca
1,porquinho,4,estimaca
2,tigre,3,estimaca
2,acontecem,1,peix
3,coisas,1,peix
0,peixe,5,peix
1,peixes,1,peix
1,assisti,1,narut
2,capotava,1,narut
0,naruto,6,narut
4,ano,1,escol
0,escola,9,escol
1,voltado,5,escol
2,voltava,2,escol
3,voltei,1,escol
2,abria,1,oliv
0,olivia,7,oliv
1,rodrigo,6,oliv
5,amiga,1,bolsonar
6,bad,1,bolsonar
0,bolsonaro,13,bolsonar
4,morreu,1,bolsonar
3,morria,1,bolsonar
2,morrido,2,bolsonar
1,reeleito,4,bolsonar
0,dogg,5,dogg
2,namorado,1,dogg
3,namorava,1,dogg
1,snoop,5,dogg
3,casamento,1,hogwarts
1,estudando,1,hogwarts
2,estudava,1,hogwarts
0,hogwarts,8,hogwarts
3,casa,1,diab
4,caso,1,diab
2,dava,2,diab
1,diabo,11,diab
0,diabos,11,diab
0,botafogo,18,botafog
4,ganha,1,botafog
1,ganhava,2,botafog
3,ganhou,1,botafog
6,jogador,1,botafog
5,jogando,1,botafog
2,jogo,2,botafog
0,careca,21,carec
3,chorei,2,carec
1,ficando,4,carec
2,ficava,2,carec
0,gusttavo,9,gusttav
1,lima,9,gusttav
2,show,4,gusttav
2,beijava,1,pabll
0,pabllo,5,pabll
1,vittar,5,pabll
1,amei,1,caramb
0,caramba,9,caramb
2,comprado,1,caramb
2,beleza,1,crossfit
0,crossfit,8,crossfit
1,fazendo,3,crossfit
1,alguem,5,lembr
2,consigo,5,lembr
0,lembrar,5,lembr
3,lembro,1,lembr
4,comecava,1,tirotei
2,comecei,1,tirotei
3,comecou,1,tirotei
1,meio,4,tirotei
0,tiroteio,14,tirotei
2,bbb,2,entre
1,desespero,6,entre
0,entrei,12,entre
1,demais,1,eua
2,doido,1,eua
0,eua,6,eua
0,celular,33,celul
9,ganhado,1,celul
5,ganhava,3,celul
4,novo,5,celul
1,quebrado,14,celul
3,quebrava,9,celul
7,quebrei,2,celul
8,quebrou,1,celul
6,semana,3,celul
2,tela,12,celul
4,ficando,1,vist
2,ficar,2,vist
3,namorando,2,vist
5,namorava,1,vist
1,vista,5,vist
0,visto,15,vist
1,casa,3,saind
2,indo,3,saind
0,saindo,31,saind
2,casa,2,fernand
0,fernanda,11,fernand
3,fernandes,1,fernand
1,ia,3,fernand
4,acordo,1,procur
2,casa,2,procur
3,procurada,1,procur
0,procurando,3,procur
1,procurava,2,procur
0,cartao,31,carta
2,clonado,4,carta
3,clonaram,3,carta
6,comprar,2,carta
11,comprava,1,carta
4,comprei,3,carta
10,estourado,1,carta
8,estourar,1,carta
7,estouraram,1,carta
5,estourava,2,carta
9,estourei,1,carta
1,limite,6,carta
0,assaltada,13,assalt
1,assaltado,8,assalt
3,assaltava,1,assalt
5,levaram,1,assalt
4,levavam,1,assalt
2,sendo,4,assalt
0,amante,4,amant
1,namorava,1,amant
2,podia,1,amant
5,anos,1,sept
1,furado,3,sept
3,furar,1,sept
4,furava,1,sept
2,furei,1,sept
0,septo,7,sept
5,engracado,1,enquadr
1,enquadrado,1,enquadr
0,enquadro,4,enquadr
4,levado,1,enquadr
2,levava,1,enquadr
3,levei,1,enquadr
0,basquete,12,basquet
3,gente,2,basquet
6,jogador,1,basquet
1,jogando,4,basquet
5,jogar,1,basquet
4,jogava,2,basquet
2,jogo,2,basquet
2,fazendo,4,liv
1,fazia,7,liv
3,jimin,3,liv
0,live,16,liv
4,lives,1,liv
2,acabado,1,guerr
1,brasil,2,guerr
0,guerra,8,guerr
2,assustado,1,tartarug
1,matava,2,tartarug
0,tartaruga,4,tartarug
1,criado,1,onlyfans
2,jao,1,onlyfans
0,onlyfans,4,onlyfans
0,instagram,2,instagr
1,verificado,2,instagr
5,brinca,1,brinc
0,brincando,8,brinc
3,brincar,2,brinc
2,brincava,3,brinc
1,brinco,5,brinc
6,brincos,1,brinc
4,casa,2,brinc
7,casinha,1,brinc
8,facada,1,brinc
9,facera,1,brinc
4,feliz,4,pesso
5,namorado,1,pesso
2,namorando,10,pesso
6,namorar,1,pesso
1,namorava,10,pesso
7,namoro,1,pesso
0,pessoa,29,pesso
3,pessoas,6,pesso
5,acho,1,resolv
0,resolvi,2,resolv
1,resolvia,2,resolv
2,resolvido,1,resolv
3,treta,1,resolv
4,tretas,1,resolv
5,cheira,1,cheir
6,cheirada,1,cheir
1,cheirando,6,cheir
3,cheirava,3,cheir
0,cheiro,7,cheir
4,comprar,2,cheir
2,po,6,cheir
3,amiga,1,hamilton
2,amigos,1,hamilton
0,hamilton,6,hamilton
1,lewis,6,hamilton
9,beijado,1,boc
6,beijando,2,boc
7,beijao,1,boc
8,beijar,1,boc
5,beijei,3,boc
3,beijo,5,boc
0,boca,30,boc
13,colocar,1,boc
10,colocava,1,boc
2,corinthians,6,boc
4,ganhava,5,boc
12,ganhou,1,boc
1,piercing,10,boc
15,querer,1,boc
11,queria,1,boc
14,quero,1,boc
3,conseguia,3,empreg
6,conseguido,1,empreg
0,emprego,15,empreg
2,empregos,3,empreg
1,entrevista,7,empreg
7,fazendo,1,empreg
4,fazer,3,empreg
8,fazia,1,empreg
5,novo,2,empreg
3,achei,1,gostos
4,beijava,1,gostos
0,gostosa,3,gostos
2,gostosas,1,gostos
1,gostoso,2,gostos
1,atacada,2,onca
2,atacando,1,onca
7,comendo,1,onca
5,comia,1,onca
6,comido,1,onca
4,comigo,1,onca
3,comprado,1,onca
0,onca,20,onca
2,bebe,2,camil
0,camila,7,camil
1,loures,5,camil
3,falar,2,franc
2,falava,2,franc
1,franca,3,franc
0,frances,4,franc
4,sabia,2,franc
2,assisti,1,heartstopp
1,assistindo,2,heartstopp
0,heartstopper,4,heartstopp
3,obrigada,1,heartstopp
0,bota,7,bot
7,botando,1,bot
4,botar,1,bot
6,botas,1,bot
3,botava,1,bot
5,boto,1,bot
10,comprado,1,bot
9,comprava,1,bot
11,comprei,1,bot
8,querendo,1,bot
2,queria,2,bot
1,quero,3,bot
0,academia,27,academ
2,fazendo,6,academ
4,fazia,1,academ
3,ia,2,academ
1,sinal,9,academ
6,falando,1,menin
7,falei,1,menin
0,menina,11,menin
1,menino,8,menin
2,meninos,3,menin
3,namorando,1,menin
4,namorava,1,menin
5,namoro,1,menin
4,ficando,1,l7
2,ficar,1,l7
3,ficava,1,l7
0,l7,12,l7
5,pegando,1,l7
1,pegava,2,l7
2,dia,2,janeir
0,janeiro,27,janeir
1,rio,27,janeir
0,cafe,23,caf
1,manha,9,caf
6,tomado,1,caf
2,tomando,9,caf
3,tomar,7,caf
7,tomaram,1,caf
4,tomava,2,caf
5,tomei,2,caf
0,cocaina,2,cocain
1,usava,2,cocain
3,cortado,1,franj
1,cortava,2,franj
2,cortei,1,franj
5,fazer,1,franj
4,fazia,1,franj
0,franja,6,franj
2,anunciado,1,blackpink
4,anunciando,1,blackpink
3,anunciavam,1,blackpink
0,blackpink,6,blackpink
1,comeback,6,blackpink
2,beijava,2,felip
0,felipe,9,felip
1,neto,9,felip
3,convidado,1,farof
2,convidava,1,farof
0,farofa,4,farof
1,gkay,4,farof
2,aviso,1,estrag
3,bacon,1,estrag
0,estragado,3,estrag
1,estragava,2,estrag
2,casa,2,lav
1,lavando,3,lav
3,lavar,1,lav
4,lavava,1,lav
0,roupa,4,lav
3,comendo,2,pastel
1,comia,4,pastel
4,comprando,2,pastel
2,comprar,4,pastel
0,pastel,10,pastel
0,gomes,10,gom
1,joao,10,gom
3,namorava,1,gom
2,namoravam,1,gom
0,assustada,7,assust
3,assustado,1,assust
2,barriga,2,assust
1,gravida,7,assust
0,cabelinho,13,cabelinh
1,mc,9,cabelinh
3,namorando,1,cabelinh
2,namorava,1,cabelinh
4,namoro,1,cabelinh
2,acordar,1,maldiv
0,maldivas,6,maldiv
1,realidade,2,maldiv
3,aceitas,1,cop
4,ando,1,cop
0,copa,5,cop
2,copas,1,cop
1,copos,1,cop
1,estados,11,unid
2,falando,2,unid
4,falar,1,unid
3,unido,1,unid
0,unidos,11,unid
2,amiga,3,kany
0,kanye,11,kany
1,west,11,kany
1,cabelo,5,ruiv
4,pintando,1,ruiv
3,pintava,2,ruiv
0,ruiva,7,ruiv
2,ruivo,3,ruiv
2,casa,3,jackson
3,caso,1,jackson
0,jackson,12,jackson
1,michael,12,jackson
4,aprendendo,1,formul
0,formula,5,formul
1,formulas,1,formul
2,pilotar,1,formul
3,piloto,1,formul
0,covid,10,covid
2,livre,2,covid
1,novo,3,covid
2,achando,1,oroch
1,ficava,3,oroch
0,orochi,4,oroch
6,droga,1,trafic
5,drogas,1,trafic
2,presa,2,trafic
4,preso,1,trafic
3,traficando,1,trafic
0,traficante,4,trafic
1,trafico,3,trafic
1,celular,6,tel
0,tela,7,tel
2,trincado,4,tel
4,trincava,1,tel
3,trincou,2,tel
2,brasil,1,portugal
1,morando,2,portugal
0,portugal,3,portugal
3,cabelo,2,loir
5,ficado,1,loir
4,ficando,1,loir
1,ficava,3,loir
0,loira,13,loir
2,loiro,2,loir
2,in,10,in
3,ingresso,1,in
1,rio,11,in
0,rock,11,in
0,barriguinha,5,barriguinh
1,gravida,5,barriguinh
2,linda,3,barriguinh
0,pedro,9,pedr
1,sampaio,6,pedr
2,scooby,3,pedr
4,show,2,pedr
3,surfando,2,pedr
5,surfava,1,pedr
0,marilia,6,maril
1,mendonca,5,maril
2,show,4,maril
1,anitta,1,surub
2,aviso,1,surub
0,suruba,5,surub
1,alisado,4,alis
3,alisava,1,alis
4,alisei,1,alis
0,cabelo,6,alis
2,desesperada,2,alis
3,dia,2,horari
0,horario,7,horari
1,perdi,4,horari
4,perdia,1,horari
2,perdido,2,horari
2,coisas,1,process
3,escritorio,1,process
0,processado,2,process
1,processo,2,process
0,espanha,5,espanh
4,namorado,1,espanh
3,namorando,1,espanh
1,sofia,4,espanh
2,sofias,1,espanh
0,cameron,3,cameron
1,dove,3,cameron
2,indo,2,cameron
2,amiga,2,katy
0,katy,3,katy
3,katya,1,katy
1,perry,3,katy
6,falando,1,vizinh
5,falar,1,vizinh
4,falou,1,vizinh
7,gostaria,1,vizinh
2,gostava,2,vizinh
1,vizinha,6,vizinh
0,vizinho,7,vizinh
3,vizinhos,1,vizinh
0,batman,6,batman
1,ganhei,1,batman
2,jogo,1,batman
0,cair,3,cair
1,ceu,2,cair
2,vi,2,cair
3,hora,1,mosc
0,moscou,20,mosc
1,pagode,9,mosc
2,russo,9,mosc
4,vejo,1,mosc
2,alguem,3,xing
4,menina,2,xing
9,menino,1,xing
7,xinga,1,xing
5,xingado,1,xing
1,xingando,7,xing
6,xingar,1,xing
0,xingava,9,xing
3,xingavam,2,xing
8,xingou,1,xing
3,ganhado,2,present
1,ganhava,7,present
5,ganhei,1,present
0,presente,11,present
4,presentes,1,present
2,queria,3,present
0,aguiar,12,agui
1,arthur,12,agui
2,casinha,3,agui
8,cachorra,1,cobr
9,cachorro,1,cobr
0,cobra,15,cobr
1,cobras,4,cobr
4,mae,2,cobr
5,mao,2,cobr
2,picada,3,cobr
10,picado,1,cobr
7,picando,1,cobr
3,picar,2,cobr
6,picava,2,cobr
11,picou,1,cobr
4,conhecer,1,mess
2,conhecia,1,mess
3,conhecido,1,mess
1,flamengo,2,mess
0,messi,9,mess
0,bbb,10,bbb
3,convidada,1,bbb
1,ganhando,1,bbb
2,ganhava,1,bbb
3,anitta,1,gir
4,cg,1,gir
0,gira,8,gir
1,giria,1,gir
2,girou,1,gir
5,acontece,1,acontec
0,acontecendo,4,acontec
6,acontecer,1,acontec
4,aconteceria,1,acontec
7,aconteceu,1,acontec
1,acontecia,2,acontec
2,acontecido,2,acontec
8,acordo,1,acontec
3,queria,2,acontec
0,filipe,11,filip
2,foto,2,filip
1,ret,11,filip
4,alguem,1,avia
0,aviao,20,avia
2,caia,8,avia
1,caiu,10,avia
3,casa,2,avia
2,choque,1,fri
0,frio,3,fri
1,tremendo,3,fri
0,connor,11,connor
1,kit,11,connor
3,namorando,1,connor
2,namorava,3,connor
1,caos,1,elit
0,elite,6,elit
2,encontro,1,elit
2,cristiano,4,net
0,neto,5,net
1,ze,5,net
2,alma,1,brux
0,bruxa,3,brux
1,bruxo,2,brux
3,cantado,1,brux
0,deolane,4,deolan
1,filha,2,deolan
2,filho,1,deolan
3,morria,1,deolan
3,acordar,1,tranc
4,cabeca,1,tranc
0,tranca,4,tranc
2,trancas,1,tranc
1,trancou,1,tranc
1,flertando,2,jk
3,flertei,1,jk
0,jk,9,jk
2,namorando,2,jk
4,namorava,1,jk
1,favela,3,pared
2,linda,3,pared
3,parede,1,pared
0,paredes,3,pared
3,abandonada,1,conchinh
0,conchinha,8,conchinh
1,dormindo,3,conchinh
2,dormir,1,conchinh
2,amor,1,lug
3,bonito,1,lug
0,lugar,7,lug
1,lugares,1,lug
5,acho,1,sinal
2,fazendo,8,sinal
6,fazer,1,sinal
4,fazia,2,sinal
3,namorando,6,sinal
0,sinal,23,sinal
1,tatuagem,13,sinal
5,amigos,1,chov
0,chovendo,3,chov
2,chover,1,chov
1,choveu,2,chov
4,comecava,1,chov
3,comecou,1,chov
1,baseado,2,voand
2,fumando,2,voand
0,voando,9,voand
2,chorando,1,mama
1,ia,3,mama
0,mamae,5,mama
1,chova,1,florip
0,floripa,5,florip
2,morando,1,florip
4,jimin,2,selfi
1,postado,3,selfi
3,postava,2,selfi
2,postou,2,selfi
0,selfie,8,selfi
2,apaixonada,3,apaixon
0,apaixonado,5,apaixon
1,menina,5,apaixon
4,menino,2,apaixon
5,namorando,1,apaixon
3,namorava,3,apaixon
0,barbie,3,barbi
1,castelo,3,barbi
3,diamante,1,barbi
2,diamantes,2,barbi
0,casa,6,invad
1,invadiam,2,invad
4,invadido,1,invad
5,invadindo,1,invad
2,invadir,2,invad
6,invadiu,1,invad
3,tentava,2,invad
2,aconteceu,2,paralis
0,paralisia,8,paralis
1,sono,8,paralis
5,baleia,1,tax
1,shein,2,tax
4,taxa,1,tax
0,taxada,3,tax
3,taxado,1,tax
2,taxi,1,tax
6,amem,1,menstru
1,gravida,2,menstru
0,menstruada,4,menstru
4,menstruado,1,menstru
5,menstruando,1,menstru
3,menstruava,1,menstru
2,menstruei,1,menstru
1,casamento,1,duba
0,dubai,5,duba
2,feliz,1,duba
2,comigo,3,elev
5,despencando,1,elev
4,despencar,1,elev
1,despencava,3,elev
3,despencou,1,elev
0,elevador,8,elev
0,hetero,7,heter
2,pegando,1,heter
3,pegas,1,heter
1,top,6,heter
3,aceito,1,constru
1,casa,3,constru
2,construia,1,constru
0,construindo,3,constru
2,comendo,3,sush
1,comer,3,sush
4,comia,1,sush
3,ia,2,sush
0,sushi,8,sush
2,flamengo,3,jj
0,jj,5,jj
4,voltado,1,jj
3,voltar,1,jj
1,voltava,3,jj
6,anitta,1,chat
2,chata,2,chat
0,chateada,3,chat
4,chateado,1,chat
3,chatear,1,chat
5,chato,1,chat
1,ficava,2,chat
2,doido,1,shelby
0,shelby,4,shelby
1,thomas,4,shelby
3,namorando,1,nick
2,namorava,3,nick
1,nelson,7,nick
0,nick,8,nick
2,bahia,2,vasc
1,ganhava,6,vasc
0,vasco,9,vasc
2,ganhado,2,golden
1,ganhava,3,golden
0,golden,6,golden
3,quero,2,golden
3,achando,1,banguel
0,banguela,4,banguel
2,ficado,1,banguel
1,ficava,2,banguel
2,acordar,3,grec
0,grecia,5,grec
1,ia,4,grec
0,cabelao,4,cabela
1,cara,1,cabela
2,cintura,1,cabela
2,afilhados,1,parqu
1,diversoes,5,parqu
0,parque,6,parqu
0,dado,2,dad
2,pessoa,1,dad
1,unfollow,2,dad
0,conteudo,2,conteud
1,dei,2,conteud
2,dia,2,conteud
0,feira,13,feir
5,feiras,1,feir
3,semana,2,feir
1,sexta,8,feir
2,terca,4,feir
6,tercas,1,feir
7,terceira,1,feir
4,vai,2,feir
2,amiga,1,cyrus
0,cyrus,7,cyrus
1,miley,7,cyrus
2,conheci,1,xam
3,conhecia,1,xam
1,namorando,2,xam
0,xama,7,xam
0,gustavo,6,gustav
2,irma,1,gustav
1,lima,6,gustav
4,abriu,1,paraqued
0,paraquedas,6,paraqued
1,pulando,4,paraqued
2,pulava,1,paraqued
3,pulei,1,paraqued
1,casa,1,kindl
2,encontrava,1,kindl
0,kindle,4,kindl
0,dar,8,dar
1,namoro,7,dar
2,vai,7,dar
4,clube,2,futebol
0,futebol,14,futebol
2,jogando,3,futebol
7,jogar,1,futebol
5,jogaria,1,futebol
1,jogava,4,futebol
6,jogavam,1,futebol
3,jogo,2,futebol
0,gravida,2,perturb
2,meses,2,perturb
1,perturbada,2,perturb
3,perturbador,1,perturb
4,perturbando,1,perturb
5,perturbar,1,perturb
2,celular,1,desbloqu
3,chefe,1,desbloqu
0,desbloqueado,3,desbloqu
1,desbloqueava,1,desbloqu
2,anestesia,1,coba
1,cobaia,1,coba
0,cobaias,3,coba
3,dia,1,coba
0,mogai,4,moga
1,onceler,4,moga
2,amanhecer,1,pattinson
0,pattinson,7,pattinson
1,robert,7,pattinson
2,anitta,1,manu
0,manu,4,manu
1,rios,3,manu
4,anos,1,ensin
0,ensino,7,ensin
3,volta,1,ensin
1,voltado,4,ensin
2,voltar,2,ensin
0,europa,3,europ
1,indo,1,europ
2,morava,1,europ
0,coreia,4,cor
2,defendendo,1,cor
1,norte,4,cor
0,bolsa,6,bols
3,bolsas,1,bols
1,estourado,3,bols
6,estourar,1,bols
5,estourava,1,bols
4,estourou,1,bols
2,gravida,2,bols
7,gravido,1,bols
2,academia,1,gomez
0,gomez,6,gomez
1,selena,6,gomez
3,dormindo,1,panic
1,gravida,2,panic
2,panic,1,panic
0,panico,4,panic
2,amiga,2,britney
0,britney,3,britney
1,spears,3,britney
3,bonito,1,hamst
2,comendo,1,hamst
1,comer,1,hamst
0,hamster,5,hamst
3,indo,1,rav
0,rave,3,rav
2,saudade,1,rav
1,saudades,2,rav
0,bozo,3,boz
1,pesadelo,3,boz
2,reeleito,3,boz
2,cara,1,merd
1,carol,2,merd
0,merda,5,merd
0,barriga,8,barrig
2,facada,2,barrig
1,gravida,3,barrig
0,camarao,6,camara
3,comendo,2,camara
4,comeu,1,camara
2,comia,2,camara
1,comprando,2,camara
5,comprar,1,camara
3,carne,1,unha
1,quebrado,2,unha
2,quebrei,2,unha
0,unha,5,unha
3,amiga,1,clon
1,clonado,4,clon
2,clonaram,1,clon
0,whatsapp,5,clon
0,fone,2,fon
1,funcionava,2,fon
2,lados,2,fon
0,banho,4,banh
2,bebe,2,banh
1,dando,3,banh
2,dupla,2,jorg
0,jorge,4,jorg
1,mateus,4,jorg
1,casas,1,olhand
0,olhando,3,olhand
2,sabe,1,olhand
1,lago,1,ser
2,lindo,1,ser
0,sereia,3,ser
2,abria,1,along
1,alongando,1,along
0,alongar,2,along
3,conseguia,1,along
1,eclipse,9,vi
2,lua,2,vi
0,vi,10,vi
0,desejo,3,desej
1,gravida,3,desej
2,linn,3,desej
